id,Name,Surname,DateOfBirth,Sex,CountryID,FitnessCenterID
1,Montague,Grut,2001/02/15,Male,128,857
2,Victoria,O'Carrol,2000/08/27,Female,85,710
3,Thaddus,Furnell,1997/03/13,Male,38,533
4,Ariel,Garnham,1999/12/01,Male,48,689
5,Hermann,Joseff,1998/09/06,Male,134,74
6,Maurine,Fairbourne,1996/11/01,Female,89,177
7,Bastian,Rathe,1999/10/22,Male,187,543
8,Arlin,Sopp,2002/04/21,Male,81,189
9,Izzy,Marmion,2003/01/29,Male,127,558
10,Isiahi,Fettiplace,1999/12/22,Male,122,226
11,Brew,Kik,1999/04/12,Male,171,333
12,Jocko,Jewess,1997/12/24,Male,87,259
13,Barrie,Darbey,1997/06/09,Female,64,835
14,Nesta,Van Schafflaer,1998/02/13,Female,143,13
15,Mirella,Yerrington,2001/08/17,Female,193,913
16,Marius,Allmen,1998/08/05,Male,100,451
17,Stoddard,McKeachie,1996/07/23,Female,28,467
18,Carlin,Abels,2000/07/09,Female,144,506
19,Chet,Kiendl,2000/06/14,Male,26,266
20,Frannie,Fyndon,1996/08/27,Male,129,788
21,Leyla,Capstaff,2000/12/11,Female,101,926
22,Urbano,Louis,2000/05/18,Male,105,370
23,Patty,Charlesworth,2001/01/19,Male,176,488
24,Maurice,Le - Count,1998/02/25,Male,149,475
25,Corliss,Keele,2000/09/03,Female,91,753
26,Denise,Gately,2002/03/15,Female,173,899
27,Curt,Lowdiane,1997/06/04,Male,23,536
28,Andria,Welfair,1995/08/21,Female,85,327
29,Freemon,Gianetti,2000/01/31,Male,104,154
30,Sigfrid,Hendrikse,1995/05/08,Male,86,331
31,Zaccaria,Brockman,1996/08/10,Male,55,734
32,Rhetta,Jillitt,1999/01/23,Female,87,196
33,Lorelle,Treagus,1995/03/06,Female,75,899
34,Franz,Gillivrie,2002/12/11,Male,11,575
35,Wake,Devey,2000/11/27,Male,68,450
36,Lanny,Lukock,2002/08/06,Male,86,770
37,Josy,Whitman,1996/04/12,Female,132,967
38,Sally,Chamberlen,2002/02/05,Female,18,749
39,Noreen,Longega,1997/08/02,Female,79,251
40,Marcile,Wadhams,2001/11/29,Female,156,46
41,Claiborn,MacQuaker,1995/10/02,Male,192,338
42,Kyrstin,Pillans,2000/05/19,Female,156,191
43,Worthy,Egel,2002/08/21,Male,34,199
44,Leonelle,Astin,2002/11/04,Female,135,245
45,Dru,Westgarth,1995/03/12,Male,121,844
46,Abbe,Locke,2002/10/04,Female,120,183
47,Tammara,Chirm,1999/03/07,Female,122,470
48,Forster,Swannick,2001/03/11,Male,102,794
49,Guntar,Leebeter,1997/01/12,Male,13,87
50,Dierdre,Rentoll,2001/08/29,Female,149,760
51,Natalie,Elstone,2000/11/17,Female,136,754
52,Gunilla,Samarth,1995/04/10,Female,166,383
53,Conroy,Suatt,2001/08/18,Male,182,571
54,Jewell,Bus,1995/04/01,Female,177,754
55,Consolata,Pfeffel,1997/05/23,Female,105,975
56,Lesli,McCloughlin,1998/02/28,Female,78,449
57,Adamo,Harkus,1999/05/10,Male,178,734
58,Mauricio,Brumwell,1998/02/27,Male,31,587
59,Ripley,Descroix,2002/10/06,Male,34,859
60,Anita,Luchelli,2002/10/21,Female,19,976
61,Loise,Bruffell,2003/01/09,Female,4,362
62,Dimitri,Lang,1997/11/07,Male,83,26
63,Darrin,Gauche,1997/09/21,Male,129,21
64,Mariska,Sperrett,1995/12/10,Female,106,802
65,Marj,Bolgar,1996/03/15,Female,68,443
66,Kurt,Vickers,2001/05/14,Male,172,931
67,Wyndham,Pedrol,1998/09/08,Male,64,669
68,Felicle,Scarbarrow,1995/06/11,Female,2,468
69,Brock,MacConnel,1998/04/06,Male,55,76
70,Jodie,Danilovich,1997/11/06,Female,105,360
71,Oralie,Lunn,2001/12/01,Female,63,990
72,Gerhardt,Yea,2002/06/08,Male,32,310
73,Serena,Pfeffer,1999/12/26,Female,25,174
74,Waldemar,Bruckman,1998/08/19,Male,139,282
75,Eb,Noblet,2000/08/11,Male,159,508
76,Koenraad,Perllman,1999/08/09,Male,188,311
77,Erl,Claessens,1998/08/14,Male,16,988
78,Iseabal,Sirey,1995/03/02,Female,27,720
79,Zara,Plumridege,1995/06/17,Female,111,416
80,Andi,Exley,2000/03/09,Female,60,439
81,Derron,Cornels,2000/04/28,Male,89,607
82,Christan,Greenhalf,2002/04/02,Female,116,80
83,Ruttger,Cortnay,1995/02/18,Male,175,773
84,Flo,Lurriman,1996/10/29,Female,9,50
85,Lorri,Corrao,1997/07/29,Female,132,557
86,Randi,Basset,1996/01/16,Male,183,749
87,Henriette,Giorgini,2002/01/15,Female,123,324
88,Vassili,MacCourt,1997/07/23,Male,47,750
89,Tomaso,Webber,2001/02/25,Male,154,489
90,Oran,Bosward,1997/03/08,Male,86,880
91,Callean,Rathjen,1995/08/01,Male,66,533
92,Cicily,O'Gormley,1997/08/19,Female,4,130
93,Cherie,Aloigi,2002/10/24,Female,78,322
94,Bea,Kopfer,1996/11/09,Female,181,945
95,Cam,Luis,1995/09/22,Female,188,731
96,Kevon,De Simone,1998/07/27,Male,117,258
97,Silvanus,MacManus,2002/11/29,Male,120,844
98,Miquela,Capinetti,2000/06/20,Female,74,366
99,Zelma,Storer,2001/10/26,Female,190,227
100,Hank,Lethibridge,2000/09/15,Male,163,114
101,Irvin,Letterick,2000/05/20,Male,189,833
102,Emerson,Slowly,2001/01/06,Male,63,685
103,Jorge,Sellan,1997/08/26,Male,80,828
104,Court,Le land,2001/05/13,Male,96,803
105,Dugald,Vandrill,2001/08/18,Male,105,760
106,Isidor,Ambresin,2002/12/27,Male,9,695
107,Mendel,Bello,2001/06/07,Male,52,34
108,Marti,Ghidotti,1997/04/14,Female,73,385
109,Tuck,Justham,1995/10/23,Male,141,348
110,Gabe,Wendover,2001/06/08,Male,67,257
111,Ferdie,O'Rowane,1996/06/10,Male,82,526
112,Butch,Minty,1999/09/14,Male,82,677
113,Sauveur,Gush,1997/12/03,Male,66,745
114,Reggis,Gerish,2000/05/20,Male,23,682
115,Joanne,Kitteringham,1995/09/03,Female,128,533
116,Mauricio,Anthona,2000/04/02,Male,146,117
117,Hattie,Grindle,1996/11/02,Female,67,501
118,Eddie,Gludor,1997/07/15,Male,89,949
119,Mattie,Newlin,2000/10/11,Male,67,440
120,Burg,Geard,1999/10/05,Male,24,470
121,Pieter,Chastel,2001/04/19,Male,9,227
122,Zorine,Wolstencroft,1996/09/27,Female,133,432
123,Nonie,Samwaye,1995/05/19,Female,161,221
124,Herta,Giuron,2001/10/12,Female,75,954
125,Mavis,Flarity,2000/12/18,Female,86,860
126,Willard,Hazleton,1999/06/18,Male,71,113
127,Erena,Ary,1999/10/16,Female,20,467
128,Lena,Capron,2002/01/18,Female,181,389
129,Roxy,Burner,2001/04/25,Female,92,141
130,Neill,Aaronsohn,1999/07/10,Male,116,967
131,Guthry,McCoid,1997/02/24,Male,155,365
132,Dotty,Kob,2001/05/10,Female,162,766
133,Merilee,Capper,1997/12/24,Female,115,145
134,Legra,Jados,2000/01/09,Female,119,803
135,Molly,Brasher,1996/04/17,Female,151,236
136,Ingaberg,Mathissen,2001/11/21,Female,26,408
137,Wayland,Helversen,2000/01/31,Male,53,544
138,Meade,Notman,1996/06/03,Male,142,132
139,Udale,Zmitruk,1999/09/22,Male,91,995
140,Jenni,Eastabrook,1997/05/30,Female,154,293
141,Corie,Enriques,2002/03/17,Female,78,970
142,Cosme,Dominey,1997/05/18,Male,121,512
143,Tommi,Applewhaite,1995/09/27,Female,46,891
144,Estel,Berrie,1996/12/22,Female,22,720
145,Alexandro,Pepall,1997/02/06,Male,59,773
146,Gearard,Balden,1997/06/23,Male,125,795
147,Tori,Reuben,1996/02/19,Female,116,775
148,Jaymie,Fabri,1996/11/26,Male,17,664
149,Belia,De Filippo,2000/09/24,Female,110,193
150,Shelden,Sprull,1997/08/23,Male,54,290
151,Ferne,Adelberg,1997/04/08,Female,5,296
152,Emilio,Eivers,2001/04/25,Male,183,539
153,Gregor,Tourot,2002/10/29,Male,27,106
154,Conan,Ruspine,2001/07/25,Male,39,117
155,Faythe,Wyett,2000/04/28,Female,40,880
156,Rodrigo,Haselden,2000/01/12,Male,75,265
157,Wadsworth,Aviss,1997/05/09,Male,103,923
158,Cari,Heasly,2001/07/14,Female,172,703
159,Joey,McSharry,2000/09/27,Female,155,253
160,Dillie,Briar,2001/09/02,Male,69,353
161,Letty,Tenwick,1996/06/13,Female,22,886
162,Link,McAusland,1998/07/09,Male,56,441
163,Lulita,Averies,1997/08/20,Female,19,948
164,Randi,Layton,2002/06/11,Female,51,439
165,Rudolfo,Gherardelli,2002/08/23,Male,121,468
166,Humfrey,Sprigin,1997/04/17,Male,187,489
167,Marjy,Collumbell,1999/08/30,Female,40,836
168,Arly,Nurden,1996/01/26,Female,171,486
169,Nevin,Pohls,1996/09/09,Male,149,99
170,Erin,Jeffcoate,1998/05/21,Male,178,664
171,Robby,Forrestall,2002/12/24,Male,157,769
172,Cleopatra,Rushbury,2000/03/21,Female,18,997
173,Clim,Yarnton,1998/05/08,Male,164,108
174,Hedwiga,Tyhurst,2000/08/08,Female,130,427
175,Nicolais,Barthelet,2002/01/05,Male,64,713
176,Yardley,Coady,2001/03/31,Male,128,108
177,Genevieve,Meus,2002/04/05,Female,149,838
178,Valida,Gabala,1999/07/19,Female,171,447
179,Rickert,Ricardot,1997/03/20,Male,59,748
180,Bryce,Akrigg,1998/10/11,Male,77,439
181,Humfrid,Allner,1995/03/16,Male,23,868
182,Hieronymus,Toms,1995/02/27,Male,36,635
183,Terrel,Mansel,1995/03/01,Male,189,137
184,Austina,Banfield,2001/02/15,Female,183,525
185,Berta,Arndt,1998/07/14,Female,87,865
186,Beatrisa,Milkins,1999/10/29,Female,107,385
187,Kristy,Murty,1999/12/15,Female,106,779
188,Agnella,Hammatt,1997/05/13,Female,150,787
189,Frieda,Hedges,1995/08/08,Female,167,204
190,Bonnibelle,Hollyard,2000/02/27,Female,160,505
191,Karlan,Bartosch,2002/08/29,Male,182,268
192,Aharon,Winsley,2001/04/03,Male,192,438
193,Jakob,Farris,2000/03/10,Male,101,876
194,Sybille,Rochell,1998/05/16,Female,175,215
195,Rafe,Fretwell,2001/07/21,Male,165,951
196,Ambur,Temby,2001/05/13,Female,109,272
197,Tracee,Southers,2000/11/20,Female,147,457
198,Theressa,Shepheard,1995/10/23,Female,161,240
199,Valma,Weins,2001/01/26,Female,100,208
200,Torr,Van Der Weedenburg,2002/12/18,Male,30,910
201,Nial,Ruddy,2002/08/01,Male,140,27
202,Rosamund,Muselli,1999/02/26,Female,21,275
203,Hieronymus,Rous,1999/06/29,Male,162,719
204,Silvester,Moreby,2000/09/17,Male,18,652
205,Pedro,Hessentaler,1997/08/04,Male,14,639
206,Owen,Arbon,1995/05/20,Male,113,786
207,Alisun,Francescuccio,1997/12/04,Female,55,414
208,Benton,Gianetti,1996/04/11,Male,15,946
209,Rhianna,Pitrelli,1998/03/08,Female,142,30
210,Blake,Peiro,2002/11/23,Female,58,453
211,Annabelle,Lapish,1998/09/02,Female,128,557
212,Priscilla,Maykin,1997/02/19,Female,91,397
213,Constantine,Queyos,1997/08/19,Female,100,684
214,Blythe,Summersby,1997/10/24,Female,114,494
215,Dionisio,Hyder,1997/04/16,Male,76,377
216,Odo,Grunder,2002/07/06,Male,87,423
217,Valle,Gettings,1998/03/29,Male,70,599
218,Tallie,Spoure,1995/11/24,Male,53,498
219,Siouxie,Neilan,1996/12/24,Female,111,661
220,Allen,Chirm,1998/02/16,Male,69,822
221,Eleanor,Wylder,1995/11/13,Female,39,804
222,Chaddie,Abotson,1999/07/21,Male,188,266
223,Denver,Maides,1999/09/27,Male,76,914
224,Shane,Chezier,2000/07/11,Male,58,405
225,Bartlet,Dobrowski,1997/12/06,Male,133,659
226,Reamonn,Fryer,2000/11/03,Male,82,798
227,Willi,Elvey,2000/09/22,Male,131,560
228,Lief,Chastanet,2001/04/11,Male,87,720
229,Leonora,Goulborne,1999/03/14,Female,184,63
230,Anatol,Artharg,1999/03/11,Male,62,678
231,Yorke,Denys,1998/12/09,Male,12,295
232,Eliza,Foggarty,2000/04/26,Female,158,508
233,Phillis,Cerie,2000/12/06,Female,5,206
234,Gwendolin,Rowbotham,1998/07/21,Female,137,375
235,Shanon,Brimble,2002/12/28,Female,195,948
236,Hector,Ashard,1996/08/23,Male,39,488
237,Lisabeth,Hatliff,2001/08/08,Female,99,713
238,Guilbert,Collett,2001/02/03,Male,20,8
239,Celestyn,Lerner,2000/01/13,Female,22,386
240,Philipa,Lonnon,2000/01/07,Female,176,414
241,Lane,Merrien,2001/11/11,Female,94,495
242,Anita,Bertwistle,2000/06/15,Female,60,578
243,Melessa,Robard,1997/11/29,Female,195,483
244,Nicolina,Enevoldsen,1997/05/11,Female,109,838
245,Florian,Viccars,1996/08/18,Male,34,901
246,Trisha,Skerme,1996/09/19,Female,97,735
247,Adrea,Cesco,2000/04/17,Female,151,808
248,Wally,Shoemark,1998/07/20,Female,8,465
249,Tiffi,Druhan,2003/01/05,Female,62,102
250,Lyndy,Effemy,1995/05/25,Female,19,138
251,Padraig,Cockell,1996/04/07,Male,132,812
252,Nicol,Boschmann,1999/05/08,Female,112,625
253,Rosa,Dormand,1998/07/09,Female,144,719
254,Herta,Keems,1995/01/11,Female,85,143
255,Nevile,Petrishchev,2001/08/20,Male,146,680
256,Cornell,Collum,2003/01/30,Male,104,531
257,Uriah,Rysom,1996/12/03,Male,43,592
258,Krissie,Lawry,1998/04/28,Female,92,297
259,Netti,Reeman,1997/03/28,Female,52,42
260,Joletta,Paton,1997/12/25,Female,35,637
261,Leah,Schuelcke,1997/10/05,Female,173,805
262,Korey,Merriman,2002/08/30,Male,15,510
263,Deane,Flanner,2001/05/03,Male,66,300
264,Joleen,Camolli,1998/05/11,Female,189,499
265,Genevieve,Youthed,1998/10/30,Female,83,103
266,Brigida,Haeslier,2001/06/10,Female,96,228
267,Holt,Wenman,1999/02/26,Male,102,795
268,Ann,Bridgnell,1997/01/08,Female,41,523
269,Harmony,Hennington,2000/07/19,Female,74,960
270,Jocelyn,Cato,1995/09/14,Female,79,917
271,Tadeas,Winsiowiecki,2001/05/25,Male,170,399
272,Vale,Quick,2002/05/06,Female,150,855
273,Jerome,Brockherst,1998/10/01,Male,35,859
274,Fancie,Darthe,2001/12/31,Female,54,336
275,Cos,Gianiello,1996/11/19,Male,53,572
276,Melonie,Snalom,2001/08/05,Female,135,675
277,Egor,Pattemore,1996/10/12,Male,123,558
278,Kriste,Dumke,1998/05/26,Female,118,946
279,Kort,Waddam,1999/11/07,Male,75,299
280,Korney,Meedendorpe,2002/07/30,Female,161,23
281,Helene,Payne,2001/02/04,Female,78,208
282,Alyson,Swiffen,1997/05/11,Female,69,331
283,Damaris,Duke,1998/12/15,Female,160,385
284,Haskell,Ebdin,2000/05/18,Male,50,967
285,Brennan,Duckhouse,2003/01/24,Male,88,668
286,Barron,Blunsen,1995/08/12,Male,127,808
287,Gabriell,Hender,1997/04/23,Female,182,468
288,Corbie,Walwood,2000/02/16,Male,7,218
289,Reilly,Songhurst,2001/04/02,Male,93,679
290,Aretha,Athy,2002/09/21,Female,122,833
291,Genna,Abrahamsson,2000/04/15,Female,101,398
292,Dominique,Caltera,1997/08/01,Male,60,7
293,Cornall,Haddock,1997/02/06,Male,160,614
294,Inglis,Aleksashin,2000/01/19,Male,88,705
295,Salaidh,Creer,1996/06/02,Female,83,212
296,Marty,Segar,1995/03/07,Male,95,927
297,Florrie,Hawarden,1999/07/20,Female,27,689
298,Henka,Kalinovich,2001/09/05,Female,87,328
299,Glori,Haylett,2000/01/30,Female,65,964
300,Dorri,De Castri,1998/01/20,Female,129,213
301,Aharon,Genery,2002/09/09,Male,145,555
302,Anthe,Tedder,2000/10/30,Female,141,892
303,Blinni,Tock,1995/07/03,Female,3,716
304,Terrel,Sweeting,2002/09/17,Male,32,943
305,Emilia,Averill,1999/04/12,Female,172,456
306,Eberhard,Redler,1997/01/07,Male,151,643
307,Devy,Terney,2002/06/08,Male,161,636
308,Karlik,Dulanty,1997/09/14,Male,117,679
309,Selma,Fanton,2002/10/06,Female,70,666
310,Tony,Suttle,1996/10/29,Female,10,985
311,Paula,Decreuze,2002/05/10,Female,36,314
312,Elenore,Jorez,2001/06/16,Female,137,647
313,Delora,Dealey,1998/04/27,Female,78,440
314,Luella,Bramsen,2001/11/27,Female,57,651
315,Erasmus,Schumacher,1998/04/07,Male,71,339
316,Eadmund,Duffett,1997/11/02,Male,148,518
317,Margery,Gruszka,1998/09/25,Female,111,291
318,Elsinore,Berka,2002/03/07,Female,51,751
319,Gavan,Cossington,1996/05/10,Male,45,522
320,Joye,Jaulme,1997/03/12,Female,193,765
321,Jervis,Gilson,2002/09/15,Male,17,526
322,Chryste,Clitherow,1995/04/04,Female,133,169
323,Malena,Grimsey,2000/03/23,Female,10,57
324,Caro,Cranfield,2002/03/08,Female,36,513
325,Issiah,Godmer,2001/04/27,Male,37,355
326,Jacklin,Sturr,1995/06/06,Female,139,230
327,Cathrine,McKirdy,1996/04/13,Female,122,213
328,Barret,Isbell,1999/04/14,Male,183,843
329,Quentin,Donaway,2002/01/07,Female,53,684
330,Liza,Dalziel,1996/06/28,Female,44,652
331,Geraldine,Bogges,2002/01/22,Female,75,143
332,Rowney,Lantoph,1998/10/19,Male,81,732
333,Chip,Milksop,1997/03/06,Male,186,63
334,Woodman,Chellam,1996/06/17,Male,29,539
335,Gerhardine,Champken,1996/05/04,Female,177,619
336,Auberon,Mahaddie,2002/01/25,Male,4,576
337,Vern,Libero,1998/05/17,Male,156,712
338,Raphaela,Rookwell,1995/04/16,Female,26,241
339,Krista,Crumly,1997/12/10,Female,182,243
340,Nicola,Aslett,2000/11/01,Male,155,491
341,Melony,Perryman,1995/10/13,Female,60,692
342,Alia,Makey,1996/03/26,Female,101,532
343,Kimberly,Corneil,1996/11/04,Female,45,576
344,Christian,Tulk,2002/07/08,Male,52,632
345,Waite,Mathelon,1995/05/21,Male,62,909
346,Tedra,Boxe,1998/06/09,Female,103,740
347,Travers,Bartell,2002/10/29,Male,59,859
348,Friederike,Allone,1996/03/27,Female,59,400
349,Emlen,Pylkynyton,1995/04/27,Male,123,112
350,Electra,Sellek,2002/11/10,Female,122,578
351,Skyler,Ciobotaru,1998/11/28,Male,58,977
352,Lyell,Grunder,1997/03/23,Male,91,761
353,Raina,Laycock,1999/05/10,Female,119,991
354,Curcio,Riddiough,1997/01/14,Male,51,631
355,Gertie,Yeowell,1996/01/01,Female,65,557
356,Patty,Paumier,1996/07/16,Male,76,845
357,Corina,Smorthwaite,1997/04/13,Female,108,807
358,Ollie,Cattanach,1996/07/06,Male,101,541
359,Natalee,Baldrey,2001/02/19,Female,20,375
360,Kathye,Fareweather,1996/12/19,Female,108,341
361,Filippo,Rubinfajn,1999/06/29,Male,96,488
362,Florina,Clayton,1997/10/15,Female,51,698
363,Carmella,Deschlein,1997/07/03,Female,146,151
364,Town,Humbles,2000/12/01,Male,74,303
365,Andrei,Lum,2000/06/07,Female,23,339
366,Armin,Merton,2000/08/25,Male,107,537
367,Gabbey,Dafter,2002/05/29,Female,46,989
368,Lewiss,Bellord,2001/10/23,Male,84,589
369,Shellysheldon,Jeckell,1997/08/06,Male,187,577
370,Iggie,Bunford,1999/08/02,Male,43,145
371,Rupert,Kinworthy,1996/03/10,Male,15,408
372,Prisca,Reddell,1997/05/06,Female,132,161
373,Zabrina,Everit,1998/01/08,Female,62,422
374,Travis,Andrieux,1997/07/11,Male,140,995
375,Lisette,Soden,1998/01/24,Female,67,209
376,Gustavus,Filyukov,1998/08/01,Male,148,832
377,Kile,Jeyes,1998/01/07,Male,103,982
378,Janene,Bartke,1997/12/05,Female,191,768
379,Reba,Arblaster,1997/09/15,Female,195,927
380,Rinaldo,Blouet,1998/02/02,Male,51,721
381,Nikki,Swatheridge,2000/06/10,Female,88,945
382,Robin,Cullinan,2001/05/26,Female,112,441
383,Elladine,Doulden,1999/04/17,Female,14,820
384,Edmon,Cartan,1998/04/09,Male,170,611
385,Redford,Hacquard,1999/10/15,Male,91,220
386,Mercedes,Sainsberry,1997/09/12,Female,138,531
387,Ailey,Le Fleming,1997/11/27,Female,62,910
388,Austine,Peerman,1995/06/26,Female,42,576
389,Hilary,Impett,2002/06/28,Female,140,970
390,Ruthanne,Crommett,2002/09/21,Female,69,33
391,Caz,Chappel,1996/07/10,Male,76,219
392,Alberta,Geaney,2001/08/14,Female,177,541
393,Onfroi,Ferns,2001/08/27,Male,41,938
394,Rafferty,Stoodley,1995/05/03,Male,153,688
395,Gasper,Angless,2002/10/11,Male,169,607
396,Rianon,Derr,2001/04/11,Female,88,924
397,Elyn,Roseaman,1995/07/27,Female,122,251
398,Malva,Biffin,2001/02/27,Female,135,441
399,Coleman,Dalglish,1995/04/14,Male,140,820
400,Marina,Willcot,1997/12/24,Female,18,867
401,Neron,Keedy,1999/07/04,Male,57,422
402,Holly,Lomasney,2003/01/27,Male,82,430
403,Redd,Maling,1998/04/06,Male,75,263
404,Cristabel,Perks,2002/08/17,Female,195,438
405,Greggory,Castagnone,2000/03/09,Male,194,721
406,Sindee,Gerardot,2002/01/24,Female,20,690
407,Glenda,McKeown,2000/03/17,Female,144,472
408,Gun,Dine-Hart,1998/12/18,Male,51,242
409,Jacklyn,Rubenczyk,2000/01/02,Female,29,800
410,Tripp,Murch,1997/01/22,Male,93,52
411,Wenda,Dockrill,2002/03/13,Female,173,831
412,Heddie,Raspin,1996/06/11,Female,188,252
413,Ronalda,Ottee,1999/07/07,Female,115,42
414,Madalena,Copland,1998/11/01,Female,141,827
415,Shina,Jorgensen,2002/07/26,Female,127,848
416,La verne,Korting,2002/04/27,Female,137,844
417,Errol,McMenamy,2001/10/26,Male,81,36
418,Tiffany,Corr,1998/11/05,Female,119,469
419,Justus,MacBrearty,1997/10/23,Male,158,971
420,Josefina,Klein,1997/11/13,Female,50,267
421,Montgomery,Rassmann,2001/01/29,Male,119,218
422,Reidar,Jansik,1998/02/14,Male,162,700
423,Alyosha,Dabels,1998/06/13,Male,142,712
424,Ricki,Bridgstock,2001/07/27,Male,58,652
425,Edwina,Dispencer,1996/02/22,Female,158,735
426,Randall,Girone,1999/10/27,Male,176,564
427,Constantino,Roskeilly,1995/09/17,Male,185,670
428,Carrissa,Kernell,2002/05/27,Female,14,627
429,Horton,Espinoza,1997/10/31,Male,12,73
430,Micheline,Freckelton,1998/03/03,Female,88,205
431,Jeannie,de Courcy,1995/02/22,Female,160,739
432,Elonore,Noods,2002/02/07,Female,1,780
433,Aileen,Broome,1998/07/16,Female,66,984
434,Sanders,Viveash,1999/11/06,Male,17,197
435,Kendal,Redmond,1999/07/12,Male,164,221
436,Trudie,Liversidge,1997/09/05,Female,32,242
437,Moira,Andrichuk,1997/04/10,Female,22,995
438,Theodor,McGarrahan,1997/08/30,Male,134,799
439,Lorettalorna,Vasse,1995/03/28,Female,26,575
440,Barton,Glayzer,1995/05/29,Male,127,444
441,Berenice,Varvell,1995/10/12,Female,5,275
442,Ashly,Bentinck,2002/02/19,Female,114,641
443,Ignazio,Sharpus,2002/03/01,Male,99,646
444,Leonhard,Dally,2002/09/21,Male,165,159
445,Raquela,Crome,1996/07/07,Female,129,777
446,Jandy,Heggman,2002/07/03,Female,77,91
447,Franky,Ravenhills,1999/05/27,Male,146,736
448,Yuma,Whiteman,1996/11/06,Male,35,922
449,Hillery,Pavy,2002/01/15,Male,131,688
450,Sarge,Caseley,1995/04/09,Male,29,235
451,Brigid,Traviss,1999/06/16,Female,89,774
452,Sloane,Krolik,1999/02/18,Male,59,926
453,Micky,Hucker,2002/12/06,Female,22,435
454,Uriel,Tullett,1996/06/30,Male,61,889
455,Goldy,Dunk,1998/03/08,Female,140,418
456,Craggy,Rubinow,1995/02/27,Male,191,158
457,Mikael,Blower,1995/10/25,Male,104,745
458,Anna-diana,Hukin,1999/09/19,Female,14,297
459,Rey,Yansons,2000/08/06,Female,168,720
460,Shae,Pavier,1998/08/25,Male,168,867
461,Conchita,Buckie,1996/04/24,Female,90,225
462,Penny,Getten,2001/09/08,Male,11,286
463,Gale,Ianni,1999/01/15,Male,105,947
464,Trula,Sibthorpe,1998/06/28,Female,69,627
465,Tito,Linger,1997/12/10,Male,23,181
466,Claudina,Buffy,1998/01/20,Female,119,173
467,Karola,Quest,1995/12/03,Female,20,186
468,Stephanus,Kowalik,1996/04/26,Male,97,51
469,Shane,Bickers,1997/09/09,Male,120,344
470,Eugenius,Jzhakov,1999/01/10,Male,59,912
471,Bren,Bilsland,1998/09/08,Male,8,161
472,Valdemar,Ravillas,1996/10/13,Male,120,215
473,Kikelia,Bertelmot,2002/02/15,Female,174,622
474,Emlynne,Pach,1999/07/10,Female,72,804
475,Mic,Ambrosini,1997/08/23,Male,14,692
476,Ricardo,Bullman,1999/12/07,Male,174,111
477,Fritz,Peizer,1995/12/02,Male,44,336
478,Lawry,Manjot,1996/04/01,Male,74,672
479,Foster,Handforth,2000/12/24,Male,108,136
480,Coretta,Few,1999/04/04,Female,169,925
481,Gay,Boles,2001/04/14,Male,192,599
482,Harlene,Yanez,2000/07/07,Female,135,555
483,Oralle,Keave,1998/06/03,Female,33,280
484,Brigitta,Sussex,1996/05/27,Female,180,526
485,Onfre,Devin,2000/08/11,Male,94,463
486,Scarlett,Dales,1998/10/23,Female,83,223
487,Kennie,Kalkofer,1998/06/02,Male,12,577
488,Brit,Roubottom,1995/01/30,Female,19,886
489,Sadella,Littledyke,1995/09/08,Female,86,316
490,Viviana,Sproat,1998/03/09,Female,105,109
491,Derrick,Dawidowicz,2003/01/27,Male,24,708
492,Janis,Giercke,1998/03/10,Female,193,971
493,Bartholomeo,Peckitt,1995/12/11,Male,90,342
494,Brunhilda,Sheepy,1997/04/10,Female,26,17
495,Stacy,Bice,1999/10/12,Male,17,178
496,Carey,Garnson,2002/05/26,Male,165,935
497,Farrell,Forson,1996/09/27,Male,57,456
498,Neila,Monckman,1995/07/19,Female,134,25
499,Merrie,Dottrell,2001/01/02,Female,11,561
500,Johnna,Ellar,2000/09/18,Female,107,638
501,Thedrick,Meneo,1998/07/30,Male,185,319
502,Alfonse,Goodwin,2002/03/31,Male,64,61
503,Tiler,Kedward,1997/01/04,Male,30,647
504,Phillipe,Easterfield,2000/08/30,Male,179,436
505,Dolf,Burstow,1997/07/01,Male,93,793
506,Erick,Byfford,1997/04/27,Male,74,597
507,Julia,Conman,1996/10/25,Female,118,431
508,Gertrudis,Dixon,1998/12/27,Female,93,893
509,Danya,Tommasi,2001/03/08,Male,158,635
510,Kittie,Mufford,1998/06/12,Female,173,939
511,Derk,Garcia,1995/09/23,Male,123,376
512,Bord,Nelson,1995/04/22,Male,190,165
513,Cheryl,Emer,1995/03/08,Female,84,8
514,Hilly,Pascow,1998/02/08,Male,137,392
515,Marshal,Pimmocke,1995/02/17,Male,126,156
516,Goldi,Tarrant,2000/11/08,Female,2,4
517,Frederik,Brown,1997/02/02,Male,191,4
518,Carlene,Pevie,1999/08/24,Female,101,878
519,Sutherland,Marchi,2000/04/17,Male,43,174
520,Donnamarie,Drennan,2002/07/16,Female,61,602
521,Wini,Tracy,2001/05/13,Female,94,540
522,Boris,Cristol,1996/06/19,Male,60,743
523,Kylie,D' Angelo,2000/01/12,Male,151,84
524,Brianna,Griffithe,1999/09/04,Female,168,297
525,Wiley,Haack,2001/12/22,Male,194,879
526,Penelope,Jakeman,1998/10/13,Female,156,521
527,Daniel,Lille,1999/06/22,Male,6,813
528,Brenna,Muggleton,1999/08/02,Female,62,333
529,Georgy,Hann,1997/11/04,Male,66,376
530,Angelica,Little,1998/04/15,Female,87,503
531,Ambur,Rylett,2001/02/14,Female,149,937
532,Jolie,List,1995/08/06,Female,55,788
533,Ingeborg,Puddan,1995/01/11,Female,186,510
534,Yorgos,Lemmers,1996/06/29,Male,127,237
535,Norah,Roden,2000/02/18,Female,142,909
536,Catie,Mordaunt,1996/04/03,Female,162,232
537,Dasi,Adamthwaite,1996/08/18,Female,103,331
538,Lynnett,Wishkar,2001/10/24,Female,89,777
539,Faydra,Veracruysse,1999/06/28,Female,136,281
540,Stephanus,Tiddeman,1998/12/18,Male,159,454
541,Rowney,Tullot,2002/06/19,Male,76,296
542,Kristopher,Duro,2002/07/09,Male,64,624
543,Martha,Ollivier,2000/10/18,Female,102,176
544,Timmy,Raddon,1999/01/21,Male,68,400
545,Paulina,Dyble,1997/01/27,Female,140,124
546,Torrie,Bourton,2000/03/08,Female,162,773
547,Morissa,Prattin,1995/10/22,Female,31,362
548,Fair,Hunnawill,1996/07/15,Male,9,892
549,Mikey,Tyrone,1996/12/28,Male,3,623
550,Westbrooke,Toleman,2001/08/13,Male,151,80
551,Conrade,Smythin,1997/03/17,Male,158,442
552,Chadwick,Featley,1998/05/29,Male,148,17
553,Blithe,Braemer,1996/10/30,Female,85,356
554,Parsifal,Bee,1998/03/08,Male,169,722
555,Kleon,Seakin,1995/04/21,Male,32,176
556,Humphrey,Waker,2001/07/10,Male,1,864
557,Randie,Hixley,1999/08/02,Female,149,261
558,Aldin,D'Abbot-Doyle,1997/12/31,Male,7,217
559,Wilfrid,Blakeborough,2000/06/28,Male,114,584
560,Aliza,Gantzman,2002/04/24,Female,165,124
561,Tamas,Grouse,2000/12/20,Male,20,515
562,Nicki,Luckcuck,1997/08/26,Female,169,540
563,Piotr,Benditt,2000/09/12,Male,37,774
564,Lilyan,Lyndon,1997/10/25,Female,73,509
565,Kerrin,Pascho,1995/12/24,Female,182,658
566,Sigvard,Lutas,2002/05/08,Male,43,920
567,Jillane,Cescoti,1999/01/05,Female,132,501
568,Diahann,Fearney,1997/10/04,Female,91,316
569,Sunshine,Dewhirst,2000/11/10,Female,159,110
570,Bealle,Bradbeer,1995/04/02,Male,152,708
571,Teodoor,Greenhill,2002/07/21,Male,139,193
572,Georgie,Yantsurev,2000/07/03,Male,106,815
573,Margeaux,Middleditch,1999/02/22,Female,148,909
574,Dallas,Tring,2001/11/03,Male,141,532
575,Baily,Ranns,2002/01/17,Male,111,925
576,Morgen,Harrop,2002/08/22,Female,91,671
577,Curr,Brunotti,1997/10/17,Male,18,131
578,Ugo,Devine,1999/09/02,Male,66,735
579,Preston,Volleth,1999/11/23,Male,113,938
580,Devan,Mavin,2001/04/24,Female,79,378
581,Roland,Lapish,2001/09/19,Male,61,210
582,Joletta,Goldsbrough,2002/05/19,Female,51,691
583,Anatollo,Gilffilland,1998/01/16,Male,1,267
584,Trevor,Angel,2002/10/05,Male,148,432
585,Bevan,Goor,1997/09/25,Male,87,439
586,Chilton,Hanhard,1997/05/10,Male,16,785
587,Aldus,Jeffcoate,1995/04/28,Male,74,694
588,Moss,Broadwell,1999/03/09,Male,194,908
589,Berte,Allatt,1998/04/22,Female,6,70
590,Siffre,Stride,2000/02/15,Male,38,961
591,Tresa,Danels,2002/11/01,Female,173,836
592,Kala,Zannotti,1998/05/10,Female,181,692
593,Hatty,Motherwell,2000/12/10,Female,185,550
594,Zaneta,Bettis,1999/06/25,Female,166,746
595,Bette-ann,Clubb,1999/10/19,Female,184,466
596,Loydie,Portsmouth,2002/10/10,Male,136,689
597,Haskell,D'Acth,1999/02/04,Male,40,614
598,Vonni,Mash,1999/08/25,Female,25,131
599,Mariana,Blenkiron,2001/05/13,Female,141,800
600,Madalyn,Marland,2002/10/26,Female,192,225
601,Linda,Haffner,1998/12/19,Female,1,472
602,Timofei,Enser,2002/06/20,Male,1,137
603,Dena,Luxton,2001/09/26,Female,66,431
604,Dominik,Gownge,1995/03/19,Male,28,990
605,Jase,Vanshin,1999/04/09,Male,171,349
606,Adriane,Easterbrook,1996/01/24,Female,171,536
607,Kare,Tabour,2002/03/22,Female,101,213
608,Debby,Tandy,1998/05/11,Female,63,269
609,Prinz,Stivey,1998/10/06,Male,185,835
610,Babbette,MacGillreich,2001/03/06,Female,150,292
611,Selestina,Valentinuzzi,1999/08/06,Female,151,504
612,Brewer,Rosensaft,2002/08/17,Male,80,758
613,Lynette,Geck,1999/08/07,Female,141,149
614,Caryl,Sloy,1999/08/23,Female,153,273
615,Eva,Gauntley,2002/03/01,Female,119,723
616,Delaney,Bougen,1995/09/01,Male,137,148
617,Koenraad,O'Gready,2002/11/11,Male,52,228
618,Guillemette,Tarpey,2002/04/09,Female,128,972
619,Bidget,Brettell,2001/08/28,Female,161,450
620,Shem,Storah,2001/08/28,Male,150,656
621,Eula,Suttie,2002/11/19,Female,117,361
622,Normy,Beckenham,1998/08/19,Male,168,220
623,Caren,Fiske,2000/01/03,Female,151,825
624,Clayton,Leach,2001/08/29,Male,127,943
625,Marsh,Prophet,1998/08/12,Male,150,424
626,Jeanne,Thaxter,1996/01/30,Female,63,476
627,Lindsay,Surgeon,1999/04/01,Female,177,321
628,Tiebold,St Pierre,1995/04/23,Male,55,653
629,Pooh,Wibrew,1995/12/15,Male,111,406
630,Lyon,Coper,1995/01/27,Male,113,865
631,Callida,Gilston,1998/11/14,Female,135,937
632,Bev,Dungee,1996/12/16,Female,70,619
633,Garrick,Dobson,1996/06/24,Male,66,237
634,Ardath,Tilmouth,1996/10/01,Female,49,10
635,Clemmy,Battison,1995/10/07,Female,184,194
636,Franciskus,Alflatt,1999/05/12,Male,138,332
637,Currie,Crosi,2002/02/15,Male,147,550
638,Portie,Sellors,2001/03/03,Male,144,907
639,Evangelin,Rosenblum,2002/09/21,Female,35,678
640,Yasmin,Danilevich,1995/05/23,Female,48,388
641,Quentin,Allcorn,2001/05/31,Male,155,225
642,Nickola,Menat,1999/04/10,Male,76,867
643,Christin,Chislett,1996/01/01,Female,175,583
644,Orelee,Greenhalf,1996/09/23,Female,134,41
645,Valry,Hawkswood,1996/12/29,Female,158,211
646,Merrill,McGenis,2000/07/15,Female,19,663
647,Yankee,Chiese,1995/11/16,Male,121,448
648,Phineas,Gallahue,1995/10/11,Male,85,261
649,Bartel,Danis,1997/01/01,Male,144,340
650,Annice,Coburn,1997/07/05,Female,45,260
651,Baxie,Handrek,1997/08/15,Male,101,63
652,Anatollo,Barringer,1998/09/01,Male,192,229
653,Jaquenette,Sokill,1997/11/04,Female,85,443
654,Husein,Mully,1996/07/16,Male,179,999
655,Ingram,Corser,1996/03/26,Male,138,884
656,Devy,Danieli,2001/07/22,Male,165,549
657,Harlan,Manuello,1999/05/02,Male,123,121
658,Darcie,Pre,1998/08/22,Female,126,566
659,Teriann,Cowern,2001/11/20,Female,2,878
660,Hubert,Barter,1997/01/04,Male,131,431
661,Gabey,Coppledike,2002/06/09,Female,108,209
662,Mayor,Copping,1996/06/17,Male,150,446
663,Gabriel,Mosdell,2002/11/29,Female,47,984
664,Gregor,Aked,1995/01/11,Male,194,937
665,Jacobo,Lucian,1997/01/12,Male,9,889
666,Winny,Sponton,2002/01/05,Female,58,6
667,Wolf,Shawley,2001/07/17,Male,181,406
668,Avigdor,Christley,2000/04/12,Male,110,727
669,Cordie,Snelman,1998/12/20,Male,78,871
670,Baron,Gouley,1999/10/21,Male,153,935
671,Xever,Brazel,1998/05/09,Male,133,338
672,Lorilyn,Osban,1999/05/26,Female,72,407
673,Beth,Pawelec,1995/05/29,Female,14,7
674,Brent,Inkpin,1995/03/18,Male,170,242
675,Massimo,Fleury,1996/10/21,Male,103,714
676,Prent,McPhail,1997/08/25,Male,66,729
677,Maje,Mackney,1999/09/23,Male,75,614
678,Guilbert,Mountney,2000/01/09,Male,106,594
679,Gweneth,Plowright,1996/06/16,Female,39,119
680,Dina,Codeman,1997/04/07,Female,14,550
681,Millie,Martland,1999/08/27,Female,8,835
682,Rockey,Gerbl,2000/06/04,Male,134,887
683,Isak,Jantet,2000/07/28,Male,186,559
684,Vassili,Daen,1999/02/10,Male,9,518
685,Son,Chopy,1998/02/07,Male,47,10
686,Patrizius,Antonik,1997/12/18,Male,13,4
687,Thom,Dupoy,1995/12/28,Male,44,291
688,Esteban,Bachman,2003/01/02,Male,79,112
689,Elli,Gernier,2002/05/07,Female,23,468
690,Bonni,Alfonsetto,1999/02/18,Female,92,932
691,Kare,Riddock,2002/06/25,Female,141,85
692,Earvin,Tax,2000/05/19,Male,85,649
693,Fabe,Girkin,1998/12/23,Male,19,171
694,Minni,Syde,1996/01/25,Female,190,754
695,Rhody,Brewers,1996/12/05,Female,104,983
696,Archer,Ewbanck,2000/08/15,Male,12,25
697,Fielding,Dumingos,2000/06/07,Male,143,797
698,Boothe,Clemow,1999/07/03,Male,172,813
699,Emogene,Bresman,2000/08/07,Female,163,628
700,Hendrik,Elderfield,2001/05/07,Male,136,379
701,Aubry,Surmeyer,1997/05/22,Female,158,670
702,Sonny,Paylor,1996/07/25,Female,189,404
703,Lucian,d'Escoffier,1996/04/12,Male,138,503
704,Krystal,Seaton,1997/05/11,Female,104,754
705,Shalom,Rickell,2001/07/22,Male,8,998
706,Gwyneth,Gergher,2000/01/26,Female,193,655
707,Brod,Crew,2000/12/24,Male,116,644
708,Emmalynne,Shenley,1996/07/14,Female,37,359
709,Trudy,Welband,1999/03/19,Female,136,938
710,Kurt,Kareman,1999/11/08,Male,112,458
711,Theresita,Rocks,1996/11/21,Female,111,434
712,Marlene,Ingerson,2000/07/24,Female,106,348
713,Selie,Goundsy,1995/10/02,Female,180,624
714,Terrence,Djordjevic,1997/12/05,Male,109,776
715,Gabe,Balazs,2001/11/19,Male,44,629
716,Axel,Congreave,1998/01/25,Male,99,302
717,Jasper,Rollo,1997/04/06,Male,153,340
718,Nicky,Winks,2000/02/07,Male,51,878
719,Cirstoforo,Fibbit,1998/09/20,Male,21,247
720,Kurt,Smithson,2001/11/29,Male,162,951
721,Nettle,Cobbold,1995/03/11,Female,46,308
722,Christiana,Ruby,1998/05/08,Female,147,230
723,Shannen,Amoore,1995/09/06,Female,156,756
724,Cullin,Abela,1996/05/13,Male,47,393
725,Shepperd,Echlin,1999/02/23,Male,54,447
726,Michal,McKie,1997/07/09,Male,122,863
727,Kristin,Irnys,1999/11/23,Female,118,766
728,Phedra,Willford,2000/10/25,Female,70,983
729,Genevieve,Kaas,2001/04/08,Female,42,122
730,Chris,Idwal Evans,2000/03/26,Male,6,18
731,Cindee,Huxster,1999/05/30,Female,189,202
732,Merilyn,Harrap,2001/07/01,Female,130,411
733,Giustino,Flannigan,1995/08/15,Male,161,743
734,Christalle,Took,2000/06/11,Female,64,359
735,Austin,May,1999/06/03,Female,50,918
736,Norry,Klimas,1998/01/08,Male,162,839
737,Dall,Sherreard,2001/03/02,Male,148,950
738,Barbette,Robb,1999/05/24,Female,33,235
739,Willem,O'Collopy,1995/02/09,Male,166,588
740,Bent,Dearle-Palser,1996/03/06,Male,172,355
741,Ara,Hembry,1999/12/08,Female,2,609
742,Marie-ann,Southall,1995/06/26,Female,5,291
743,Hannah,Danforth,1996/01/26,Female,132,146
744,Cordell,Kendal,1996/07/07,Male,114,999
745,Gordon,Wardhaugh,2000/08/09,Male,147,322
746,Ulberto,Stoves,1998/11/27,Male,40,903
747,Kurt,Fawbert,1999/01/02,Male,133,692
748,Julie,Strettle,1995/01/24,Male,63,934
749,Clarette,Perrelli,1999/01/01,Female,36,739
750,Olimpia,Ballance,2001/12/10,Female,72,738
751,Eula,O'Henery,1998/12/03,Female,12,406
752,Tiena,Francomb,1996/02/27,Female,131,746
753,Felita,Galbreath,2002/06/03,Female,66,516
754,Sharona,Organ,1999/03/21,Female,172,236
755,Larissa,Grimsditch,1996/01/19,Female,185,252
756,Alfonso,Carlisle,2001/09/29,Male,64,196
757,Micah,Vankin,1999/01/11,Male,97,915
758,Teddie,Duer,1996/08/09,Male,60,842
759,Aluino,Sadd,1999/07/05,Male,161,609
760,Elli,De Giorgis,2001/09/14,Female,77,284
761,Rick,Lamble,1995/07/31,Male,173,26
762,Pooh,Ferrelli,1995/12/12,Male,43,178
763,Banky,Rhoades,2003/01/27,Male,95,227
764,Jaquelin,Redgewell,1998/09/17,Female,19,527
765,Janina,Ert,1999/08/02,Female,86,933
766,Aurthur,Hess,2001/01/09,Male,70,97
767,Brien,Killiner,1996/10/22,Male,136,460
768,Kit,Wildt,2001/03/31,Female,23,997
769,Delly,Juszczyk,1998/11/10,Female,126,465
770,Fleurette,Lashbrook,1996/04/29,Female,43,387
771,Ignacius,Billborough,1998/03/26,Male,171,697
772,Helyn,Apedaile,1997/02/28,Female,142,259
773,Gannon,Whitecross,1996/01/18,Male,46,457
774,Rachelle,Brugemann,1998/12/21,Female,105,777
775,Fabio,Dunster,1998/04/27,Male,103,788
776,Richmound,Drabble,2000/09/23,Male,140,854
777,Alexandrina,Maleby,2002/07/30,Female,59,477
778,Twila,Woolf,2001/11/21,Female,180,193
779,Duffie,Phateplace,1995/10/15,Male,18,752
780,Koo,Chalder,1999/10/29,Female,154,404
781,Carol,Petch,2002/12/15,Female,10,764
782,Dmitri,Walmsley,1995/04/27,Male,114,65
783,Douglas,Waldron,1997/03/03,Male,79,962
784,Aundrea,Stowell,2001/10/07,Female,96,412
785,Davin,Malcolmson,1995/06/02,Male,93,567
786,Margit,Sorro,1995/04/29,Female,99,998
787,Delainey,Coull,1997/04/06,Male,54,81
788,Shawn,Bedingfield,2002/02/20,Female,99,782
789,Wenona,Dairton,2002/01/21,Female,2,62
790,Judi,Mathelon,1996/11/21,Female,124,572
791,Dallis,Cordes,1998/12/09,Male,107,464
792,Renaldo,Mancktelow,2000/12/17,Male,117,464
793,Hilary,Cassels,2001/04/26,Male,4,314
794,Heath,Rodda,1997/08/01,Male,9,1
795,Paddy,Shallcross,1998/04/17,Male,30,592
796,Sherrie,Hexham,1997/02/26,Female,153,267
797,Dewey,MacCardle,2002/09/03,Male,178,825
798,Lannie,Formigli,1997/01/22,Male,80,589
799,Jenda,Enticknap,1997/01/16,Female,98,442
800,Dahlia,Morillas,1997/04/05,Female,14,877
801,Pincus,Bidewel,2001/09/10,Male,67,234
802,Karoline,Veale,2000/03/30,Female,100,568
803,Jacinda,Gergely,1995/09/17,Female,100,171
804,Rosmunda,Bartosik,1997/11/13,Female,14,809
805,Renado,Oldacres,2000/11/26,Male,102,248
806,Mario,Chesney,2002/03/28,Male,141,418
807,Isidoro,Rodbourne,1995/10/18,Male,192,142
808,Clarita,Pieper,1996/09/01,Female,56,44
809,Yorker,Toping,2002/09/26,Male,58,87
810,Randene,Aleavy,1995/03/02,Female,43,785
811,Noell,Bonwick,2002/01/04,Female,108,421
812,Gabrielle,Redley,2002/03/05,Female,165,652
813,Freda,Forton,1998/08/23,Female,150,713
814,Tandie,Reavey,1997/01/14,Female,62,880
815,Alfi,Haughin,2000/04/19,Female,119,975
816,Gabe,Jessopp,1996/01/14,Male,20,162
817,Torrie,Allmark,1997/09/05,Female,115,113
818,Ninette,Tills,2000/05/20,Female,119,128
819,Evangelina,Djurkovic,1999/10/20,Female,9,684
820,Linn,Sugars,2000/07/26,Male,128,121
821,Euell,Stormes,2001/03/25,Male,108,69
822,Nathanial,Forrester,2002/08/23,Male,108,90
823,Bartram,Ferreres,2001/10/19,Male,137,215
824,Waly,Rudall,1995/10/23,Female,39,961
825,Bellanca,Canadas,1996/03/04,Female,26,38
826,Sammie,Walles,2001/04/18,Male,38,70
827,Waite,Posnette,1999/10/07,Male,14,56
828,Astrix,Purse,1999/06/30,Female,58,519
829,Ingaberg,Baskwell,2002/11/19,Female,129,757
830,Lilith,Woolacott,1998/03/27,Female,144,863
831,Iolanthe,Hasel,1999/10/16,Female,137,807
832,Mahalia,MacGorley,1998/05/01,Female,5,530
833,Cordie,Ferrillo,2002/09/23,Female,92,552
834,Bobby,Habron,2001/08/03,Female,48,511
835,Sigrid,Rowantree,1998/09/11,Female,157,358
836,Giana,Bulstrode,1996/02/03,Female,69,504
837,Kakalina,Bartrum,1995/06/15,Female,132,977
838,Hinze,Colomb,1998/05/24,Male,65,666
839,Daloris,Joiner,1997/09/01,Female,145,2
840,Savina,Gallamore,1997/04/22,Female,91,54
841,Berthe,Jewers,1998/07/26,Female,48,162
842,Florance,Gross,1997/06/16,Female,54,262
843,Adrea,MacIver,1995/02/05,Female,85,424
844,Laurens,Goodale,1997/03/25,Male,51,721
845,Lorenzo,Bettanay,1996/08/13,Male,126,379
846,Libbi,Souley,2002/10/28,Female,161,124
847,Derk,MacCracken,1998/04/15,Male,178,789
848,Bartholomeus,Sapson,1997/08/28,Male,90,334
849,Grant,Illingsworth,2002/02/16,Male,84,185
850,Genevra,Webben,1998/02/19,Female,186,269
851,Renault,Haylock,2003/01/20,Male,99,315
852,Windham,Messitt,1999/02/05,Male,98,945
853,Amabel,Kempster,1998/12/14,Female,134,239
854,Lindsey,Comfort,2000/12/21,Female,121,959
855,Tedman,Dell,2000/03/27,Male,137,955
856,Isacco,Print,2002/12/26,Male,142,103
857,Gil,Maliffe,2002/09/10,Male,50,835
858,Krishnah,Dwire,1996/02/25,Male,179,26
859,Jarib,Pattillo,2001/12/28,Male,175,110
860,Pauly,Kalewe,2002/10/08,Male,15,818
861,Jeannine,Stockell,2002/09/11,Female,131,853
862,Ray,Southam,2002/10/16,Female,5,691
863,Tawnya,Lincey,1996/02/27,Female,175,831
864,Mariska,Ivanchin,1999/03/11,Female,49,524
865,Zitella,Tampion,1999/08/08,Female,59,824
866,Durant,Shrimpton,2002/07/05,Male,58,496
867,Mia,McTurk,1996/12/18,Female,110,271
868,Danice,Hubbock,2001/09/21,Female,87,889
869,Pegeen,Knee,1997/10/20,Female,19,248
870,Katha,Ramel,1995/03/01,Female,181,731
871,Haley,Stappard,1997/02/21,Female,120,850
872,Alan,Denver,1996/01/09,Male,145,778
873,Skippie,Widdall,2000/04/27,Male,172,79
874,Arne,Dundon,2002/01/03,Male,46,370
875,Leroi,Kohrt,2001/07/11,Male,112,621
876,Avictor,Colebourn,2000/02/21,Male,96,446
877,Les,Argue,2001/07/30,Male,131,781
878,Emlen,Covely,1997/07/06,Male,50,852
879,Laural,Doy,2002/05/15,Female,57,591
880,Carlyn,Terram,1997/11/16,Female,126,115
881,Leanora,Andrzejczak,2002/11/02,Female,164,484
882,Corene,Bonicelli,1998/02/08,Female,15,47
883,Lizbeth,Lamb,2000/01/31,Female,24,554
884,Mychal,Rilings,1999/03/03,Male,9,467
885,Kelley,Liven,1996/07/01,Male,112,254
886,Steward,Pinard,1999/11/01,Male,166,951
887,Vassili,Esplin,1998/03/24,Male,20,267
888,Dannie,Cuerdall,1995/01/25,Male,89,430
889,Lacy,Poland,1998/11/27,Female,41,421
890,Cornelia,Calderwood,2002/10/09,Female,91,824
891,Ermanno,Peachey,2000/08/03,Male,143,979
892,Brandi,Kalkhoven,1999/02/26,Female,106,33
893,Rafaelita,Bygott,1998/06/04,Female,39,137
894,Genni,Simonsen,2002/02/20,Female,13,534
895,Arther,Tweddle,1997/12/30,Male,30,325
896,Thedric,Dady,1996/11/02,Male,84,535
897,Kasper,Leggott,2002/11/06,Male,150,197
898,Fredric,Swaffer,1997/06/21,Male,122,748
899,Cindie,Ennever,1999/03/14,Female,24,124
900,Stanwood,Skeggs,1999/10/03,Male,175,194
901,Cece,Jeroch,2002/04/14,Male,30,838
902,Alistair,Don,1996/02/29,Male,92,725
903,Ives,Tacey,1995/05/26,Male,2,228
904,Genovera,Czadla,1999/02/14,Female,7,940
905,Robinson,Merryweather,1997/11/22,Male,88,83
906,Thalia,Gothard,2000/11/13,Female,157,249
907,Tully,Smails,1999/10/27,Male,7,41
908,Lacy,Tollemache,1999/02/27,Female,158,276
909,Jacinthe,Bretelle,2000/06/13,Female,70,876
910,Leora,Venour,1997/07/18,Female,131,174
911,Jaquelin,Jenckes,1997/07/14,Female,90,532
912,Kitti,Exton,2003/01/29,Female,184,297
913,Hurley,Gason,1998/09/02,Male,124,567
914,Nollie,Levi,2002/11/02,Male,16,566
915,Dael,Cantera,1997/05/19,Female,19,407
916,Urban,Tailby,1998/07/26,Male,76,425
917,Vergil,Rives,1999/06/30,Male,85,882
918,Selena,Duiguid,1999/02/17,Female,92,143
919,Cathleen,Skerm,2002/05/10,Female,164,365
920,Carling,Besson,2001/11/30,Male,96,169
921,Dorette,O'Gready,1997/03/31,Female,19,450
922,Zaneta,Korb,1998/09/01,Female,50,138
923,Quint,Aveson,2000/03/19,Male,16,144
924,Lucila,Gatcliff,2002/06/05,Female,81,209
925,Mitch,Offin,2001/12/26,Male,156,982
926,Ximenes,Zold,1997/06/15,Male,56,770
927,Tallie,Dobeson,2002/10/16,Male,88,112
928,Colette,Coppin,2000/05/09,Female,125,546
929,Forrester,Serot,2000/04/12,Male,163,851
930,Louisette,Linebarger,1998/02/10,Female,178,874
931,Amabel,Gheorghe,2000/08/19,Female,83,849
932,Perkin,Fawkes,1996/09/18,Male,96,22
933,Emile,Clayton,2001/11/26,Male,186,685
934,Shalom,Treagus,1996/10/02,Male,122,570
935,Carolan,Redfearn,2002/08/26,Female,85,797
936,Alf,Tullett,1999/12/19,Male,115,504
937,Doug,Blackboro,1997/06/01,Male,42,166
938,Maje,Codling,1996/05/01,Male,31,335
939,Karlene,Damiata,1997/01/14,Female,89,171
940,Osmund,D'Oyley,2002/05/12,Male,137,781
941,Riley,Tarbath,2000/06/23,Male,52,770
942,Lyle,Bloodworthe,1999/10/14,Male,99,779
943,Rolando,Ffoulkes,1997/12/09,Male,2,464
944,Carolan,Emmines,1998/11/03,Female,189,193
945,Hieronymus,Skein,2000/06/14,Male,112,316
946,Leigh,Paddy,2002/05/06,Male,143,359
947,Pren,Twittey,2002/03/12,Male,20,807
948,Archie,Lea,2000/11/29,Male,137,60
949,Nat,Maggi,1999/05/14,Female,81,475
950,Fayette,Needs,2001/03/06,Female,38,652
951,Brandtr,Deppe,1998/01/22,Male,45,48
952,Peggie,Boxen,1995/05/16,Female,100,813
953,Alister,Filmer,1998/07/20,Male,147,210
954,Desiree,Volcker,1995/03/24,Female,15,968
955,Georgetta,Godridge,1999/06/04,Female,122,515
956,Nigel,Harteley,2000/01/28,Male,72,394
957,Welbie,Rampage,1999/12/03,Male,140,431
958,Iain,Doret,1997/06/25,Male,74,384
959,Gregorio,Nassi,2001/10/15,Male,170,712
960,Elihu,Grzes,1997/10/13,Male,126,578
961,Godfrey,Kamenar,1998/01/29,Male,184,382
962,Loralee,Garfoot,2000/12/03,Female,82,735
963,Julius,Jerzykiewicz,1998/05/26,Male,159,809
964,Marylin,Costelloe,2002/08/29,Female,6,284
965,Wildon,Emanuelli,1995/08/03,Male,123,796
966,Gray,Espinel,1999/12/17,Male,28,783
967,Georgina,Orcott,2000/06/12,Female,102,717
968,Gary,O'Cahsedy,1997/01/04,Male,141,181
969,Jan,Pentony,1998/04/11,Female,193,498
970,Toni,Baldacchi,1999/10/31,Female,14,913
971,Abel,Toplin,1997/11/18,Male,184,323
972,Son,Chittie,1999/04/28,Male,157,193
973,Gearard,Peatman,2002/06/08,Male,185,591
974,Rochelle,Wigfield,2001/08/08,Female,176,371
975,Renelle,Chaplyn,1999/10/14,Female,29,709
976,Sydney,Gouthier,2002/05/30,Female,29,124
977,Zackariah,Goldup,1996/12/02,Male,45,670
978,Josh,MacGille,2001/07/14,Male,13,943
979,Fifine,Kadwallider,1998/02/24,Female,24,573
980,Jules,Balderston,2002/04/18,Male,31,186
981,Rogers,Tschirasche,1999/01/21,Male,82,874
982,Dasha,Tennewell,2002/11/23,Female,7,994
983,Renate,Doeg,2001/06/28,Female,107,323
984,Leann,Dafter,2002/10/15,Female,136,845
985,Garey,Koeppke,2001/03/26,Male,82,569
986,Juan,Bluck,2001/09/19,Male,83,450
987,Moreen,Sexti,1995/09/04,Female,194,56
988,Mia,Agneau,1998/01/06,Female,74,902
989,Westleigh,Perotti,2002/11/14,Male,68,190
990,Clarke,MacArte,1998/02/17,Male,116,596
991,Giselle,Cattell,1996/11/16,Female,23,97
992,Juli,Lesser,1999/01/14,Female,131,746
993,Lindsey,Crotty,1996/02/01,Male,180,331
994,Patricia,Fetteplace,2000/07/26,Female,125,147
995,Otto,Vila,1996/07/10,Male,41,773
996,Cy,Patesel,1998/07/27,Male,50,933
997,Tiffanie,Robjents,1999/01/09,Female,1,219
998,Georgena,McDowall,1999/06/13,Female,155,468
999,Ernestus,Marconi,1995/10/18,Male,160,994
1000,Waverly,Cossom,1998/08/06,Male,40,150
