id,Name,OpeningHour,ClosigHour
1,Jabbersphere,7:07,16:43
2,Meevee,6:42,16:03
3,Fiveclub,7:29,19:07
4,Abatz,6:17,20:32
5,Roombo,6:09,18:13
6,Youfeed,7:32,18:58
7,Dabjam,7:30,19:03
8,Flashset,6:20,19:18
9,Skipfire,6:34,12:07
10,Wikizz,7:57,20:10
11,Meedoo,7:30,19:31
12,Tagopia,6:17,14:56
13,Skajo,7:17,15:13
14,Quinu,6:16,15:58
15,Zoonoodle,7:06,15:39
16,Livefish,7:02,12:35
17,Rhynoodle,6:39,20:46
18,Bubblemix,6:43,14:25
19,Gabtune,6:47,19:49
20,Meembee,7:10,12:17
21,Eamia,6:25,19:37
22,Flipbug,7:42,17:37
23,Mydo,7:02,17:12
24,Plajo,6:56,17:43
25,Zoonder,7:04,18:28
26,Fiveclub,6:32,17:49
27,Topicblab,6:01,14:40
28,Meejo,7:42,19:34
29,Eidel,7:34,12:39
30,Meedoo,7:03,17:10
31,Fanoodle,6:47,13:23
32,Plambee,7:52,16:44
33,Rhyzio,7:22,14:52
34,Thoughtstorm,7:42,18:12
35,Voonix,7:55,17:07
36,Katz,6:31,20:27
37,Agimba,7:11,12:07
38,Topicstorm,6:36,19:41
39,Fadeo,7:34,13:16
40,Abatz,6:09,20:03
41,Zoomlounge,7:53,16:55
42,Livepath,6:29,16:24
43,Edgeblab,7:30,12:23
44,Dynabox,6:07,20:17
45,Demimbu,6:55,17:22
46,Zoomdog,7:25,19:20
47,Twimbo,6:57,16:01
48,Skibox,6:18,17:58
49,Geba,6:45,15:38
50,Divanoodle,6:34,14:21
51,Twitterbridge,7:32,19:44
52,Zoomcast,6:24,13:51
53,Pixope,7:11,12:03
54,Rhyloo,7:35,18:51
55,Trilia,6:38,18:53
56,Katz,6:31,18:02
57,Ailane,6:13,19:23
58,Demimbu,6:47,16:41
59,Youopia,7:33,12:07
60,Pixonyx,7:55,14:13
61,Aimbu,6:42,20:14
62,Avamba,6:34,20:56
63,Riffpedia,7:13,15:46
64,Skipfire,6:58,14:40
65,Youspan,6:24,20:44
66,Edgepulse,6:13,18:59
67,Skajo,6:48,16:47
68,Twitterbeat,7:47,14:50
69,Gabcube,6:54,12:45
70,Brainsphere,7:01,13:34
71,Zooveo,7:27,19:17
72,Yotz,7:39,19:22
73,Livetube,6:21,14:05
74,Brainverse,7:54,16:32
75,Cogidoo,7:40,19:29
76,Quaxo,6:19,14:11
77,Jaxnation,6:12,13:10
78,Youspan,6:55,16:21
79,Voonix,7:21,15:45
80,Brainlounge,7:33,19:35
81,Wordtune,7:17,20:03
82,Lazzy,6:40,14:43
83,Roodel,6:31,19:45
84,Twinder,6:06,17:41
85,Mymm,6:22,12:40
86,Zoomdog,6:37,16:04
87,Digitube,6:05,18:10
88,Dynazzy,7:25,17:32
89,Skimia,6:58,18:39
90,Babblestorm,6:37,13:53
91,Skinix,6:33,14:35
92,Meembee,7:06,16:43
93,Skidoo,7:33,14:01
94,Yamia,6:12,18:52
95,Edgeify,7:24,14:37
96,Youspan,7:18,20:04
97,Aivee,7:38,13:19
98,Zoozzy,7:21,16:54
99,Photospace,7:23,16:10
100,Tazz,6:10,16:25
101,Thoughtstorm,6:46,17:41
102,Aivee,6:46,17:11
103,Vinte,7:11,18:44
104,Plambee,6:59,13:56
105,Photofeed,7:44,15:10
106,Rhynoodle,7:23,15:40
107,Ainyx,7:25,16:23
108,Dynazzy,6:26,16:30
109,Skyvu,6:35,13:26
110,Mydo,7:35,12:33
111,Roodel,7:40,14:42
112,Edgeblab,6:42,12:34
113,Twitterlist,6:42,19:54
114,Lazz,7:36,19:55
115,Jayo,7:11,16:04
116,Twitterworks,7:46,13:00
117,Bubblebox,7:32,20:18
118,Quire,7:25,15:26
119,Shuffledrive,6:12,12:10
120,Mynte,7:22,15:58
121,Livepath,7:10,18:12
122,Kare,6:27,17:39
123,Viva,7:56,16:06
124,Twiyo,6:52,12:42
125,Midel,7:49,18:40
126,Meejo,7:17,13:53
127,Zoomcast,7:48,18:44
128,Meezzy,7:10,12:08
129,Photospace,6:02,13:32
130,Vinder,7:33,12:12
131,Mydeo,7:40,14:56
132,Vidoo,6:29,20:36
133,Skinder,6:34,13:03
134,Fiveclub,6:08,19:13
135,Muxo,6:50,12:06
136,Skaboo,6:01,13:48
137,Wikizz,6:59,19:39
138,Digitube,6:56,18:28
139,Mydeo,7:30,19:16
140,Topiclounge,7:06,15:20
141,Tazz,7:34,14:32
142,Latz,6:20,15:59
143,Browsedrive,7:33,13:33
144,Zoombeat,6:26,20:37
145,Zazio,7:34,14:51
146,Agimba,6:06,19:06
147,Feedmix,7:55,13:32
148,Oyondu,7:21,13:18
149,Jabberbean,6:47,15:28
150,Browsezoom,6:32,19:41
151,Aimbo,7:27,18:24
152,Browsezoom,6:41,17:15
153,Skyvu,6:39,17:35
154,Devpulse,7:38,14:26
155,Voomm,7:09,14:26
156,Gabspot,6:02,12:41
157,Topiclounge,6:32,15:24
158,Jaloo,7:16,15:33
159,Dabtype,7:05,18:36
160,Dablist,7:45,14:38
161,Dazzlesphere,7:31,14:32
162,Yambee,7:21,19:58
163,Trudoo,6:48,15:50
164,Livefish,7:20,17:14
165,Skimia,6:33,13:37
166,Avamm,6:20,20:53
167,Skyndu,7:45,19:46
168,Youbridge,6:06,17:55
169,Eamia,6:43,13:05
170,Tagcat,6:34,13:07
171,Edgetag,6:00,14:42
172,Oyoloo,7:40,20:23
173,Centimia,6:56,20:51
174,Oloo,7:49,12:19
175,Roomm,7:19,16:38
176,Yombu,6:31,14:25
177,Tagfeed,7:16,18:35
178,Meemm,7:00,14:55
179,Riffpedia,6:27,19:15
180,Wikido,6:13,18:46
181,Youopia,7:44,14:27
182,Divanoodle,6:43,13:34
183,Mybuzz,6:43,13:11
184,Gigaclub,7:18,12:12
185,Wordify,7:41,16:20
186,Fatz,6:12,14:45
187,Plajo,6:16,12:01
188,Brightdog,6:16,17:47
189,Mydo,6:30,20:18
190,Tagpad,6:10,14:16
191,Feedbug,6:01,20:14
192,Skivee,6:03,19:45
193,Twitterbridge,6:19,18:54
194,Feedbug,7:28,18:20
195,Wordify,6:18,16:33
196,Meedoo,6:08,13:53
197,Tagchat,6:26,20:21
198,Dynabox,6:28,14:50
199,Realblab,6:55,16:03
200,Riffpedia,7:06,13:31
201,Browsetype,7:37,13:55
202,Linkbridge,6:28,13:04
203,Babbleset,6:00,18:27
204,Avamba,6:36,12:22
205,Abata,7:25,15:40
206,Avaveo,7:33,13:24
207,Yombu,7:40,13:07
208,Yabox,7:25,18:32
209,Skimia,7:11,13:31
210,Tagtune,7:08,17:53
211,Fivespan,6:44,19:17
212,Jabbercube,7:50,12:56
213,Mycat,6:21,14:53
214,Ainyx,6:38,15:48
215,Trunyx,6:53,20:41
216,Quatz,6:05,17:53
217,Bubblemix,7:31,19:36
218,Ozu,7:16,19:28
219,Quatz,7:47,15:28
220,Babblestorm,7:47,17:48
221,Voolith,7:13,13:06
222,Mydeo,6:58,15:02
223,Eamia,6:03,13:03
224,Skajo,7:59,16:20
225,Zazio,6:34,15:46
226,Ntag,7:56,17:40
227,Twiyo,6:45,17:59
228,Yombu,7:54,12:20
229,Janyx,6:29,13:26
230,Oba,7:01,20:45
231,Oyoloo,6:51,13:04
232,Plambee,7:18,15:08
233,Youfeed,6:29,19:38
234,Tazzy,6:54,16:55
235,Mynte,7:54,17:50
236,Skimia,6:52,15:26
237,Meembee,6:46,20:16
238,Fiveclub,6:44,14:44
239,Zoombeat,6:26,19:57
240,Mydeo,7:06,12:00
241,Babbleset,6:10,20:32
242,Yabox,6:01,13:05
243,Roomm,7:41,13:03
244,Livefish,7:29,13:13
245,Ooba,6:48,17:45
246,Geba,6:49,16:30
247,Avavee,6:03,12:35
248,Pixonyx,7:07,20:10
249,Quinu,7:35,18:27
250,Wikibox,6:10,18:46
251,Myworks,7:09,16:03
252,Skibox,6:33,12:36
253,Katz,6:54,18:32
254,Avamba,6:32,12:18
255,Kimia,7:15,20:45
256,Twitternation,7:35,20:29
257,Kwimbee,6:45,18:19
258,Tagcat,7:08,13:16
259,Buzzster,6:06,19:21
260,Skilith,7:12,14:04
261,Trilith,6:39,12:10
262,Quimm,7:07,18:16
263,Lazzy,6:14,15:02
264,Thoughtblab,6:48,15:07
265,Plajo,7:37,14:50
266,Lazz,7:20,14:20
267,Zoozzy,6:16,13:32
268,Centimia,7:49,12:09
269,Yotz,6:20,16:13
270,Trilia,6:02,16:57
271,Yoveo,6:26,17:23
272,Buzzster,6:59,14:29
273,Jabbercube,6:52,16:31
274,Yakijo,6:34,13:47
275,Edgeclub,6:57,20:14
276,Gigazoom,6:01,15:28
277,Vidoo,6:33,18:54
278,Pixonyx,6:56,15:47
279,Edgeblab,7:19,18:42
280,Meeveo,6:34,19:16
281,Skimia,7:32,20:45
282,Photofeed,6:06,20:13
283,Eadel,7:28,19:49
284,Midel,7:36,18:13
285,Vinder,6:57,17:53
286,Photobug,6:15,18:31
287,Topiczoom,7:04,17:36
288,Livepath,6:55,12:35
289,Feedfire,6:57,19:42
290,Lazz,7:06,19:41
291,Ntags,7:39,16:11
292,Tagfeed,6:11,13:29
293,Browsebug,7:47,12:13
294,Wordpedia,6:20,19:15
295,Roomm,7:34,18:07
296,Fivechat,6:08,15:18
297,Tekfly,7:40,15:28
298,Oyonder,6:45,19:08
299,Yakijo,6:46,12:26
300,Tazz,6:50,14:07
301,Zoozzy,7:49,14:04
302,Youtags,7:59,15:47
303,Thoughtmix,7:07,19:48
304,Dynabox,7:27,14:19
305,Jayo,6:43,12:32
306,Shufflebeat,6:12,13:10
307,Reallinks,7:05,20:40
308,Yombu,6:00,20:29
309,Kayveo,6:27,13:49
310,Buzzdog,7:49,19:00
311,Centizu,6:29,18:11
312,Yadel,6:21,17:09
313,Skippad,6:20,19:09
314,Kwideo,7:57,16:36
315,Twimbo,6:56,15:23
316,Dablist,6:04,16:44
317,Gabcube,7:44,18:14
318,Reallinks,6:16,14:46
319,Quire,7:02,20:32
320,Mycat,6:23,12:01
321,Roombo,6:14,18:28
322,Buzzster,6:26,14:19
323,Dabfeed,6:30,13:36
324,Gigabox,7:18,18:08
325,Thoughtsphere,7:34,12:48
326,Centidel,7:39,13:53
327,Trudoo,7:16,20:57
328,Jaxworks,6:16,17:29
329,Camido,6:29,19:38
330,Devshare,6:59,17:01
331,Brainbox,7:53,16:51
332,Brainbox,7:36,15:15
333,Aimbu,7:28,18:49
334,Aimbo,6:27,19:48
335,Cogilith,6:17,18:41
336,Zoozzy,7:20,15:56
337,Realfire,6:14,13:45
338,Topicware,7:16,15:03
339,Linktype,7:15,16:33
340,Zooveo,7:33,16:54
341,Voonix,7:52,13:52
342,Twitterbridge,7:41,13:50
343,Snaptags,6:19,19:14
344,Photobug,7:50,18:25
345,Mybuzz,6:58,16:13
346,Divanoodle,6:18,15:11
347,Fatz,6:29,20:30
348,Twimm,7:48,14:21
349,Leexo,6:33,14:32
350,Mydo,6:28,20:31
351,Feedfire,7:27,20:56
352,Plambee,7:57,13:40
353,Innotype,6:15,18:16
354,Realcube,6:01,17:22
355,Aimbo,6:51,20:19
356,Quinu,6:34,15:47
357,Trilith,7:19,18:56
358,Roomm,7:22,15:07
359,Mynte,6:44,17:19
360,Jamia,7:46,18:18
361,Realblab,7:03,19:43
362,Linktype,6:47,15:56
363,Innojam,7:33,13:55
364,Blogtags,6:26,15:34
365,Divavu,6:55,12:33
366,Tambee,7:01,20:02
367,Skinte,7:21,15:46
368,Browsecat,6:20,17:30
369,Wordtune,6:52,18:51
370,Livetube,7:01,18:12
371,Shufflebeat,6:44,18:50
372,Babbleopia,6:10,13:51
373,Omba,6:28,16:55
374,Oyonder,6:54,18:36
375,Thoughtstorm,7:19,19:28
376,Zoonoodle,7:10,18:13
377,Gabtune,7:43,19:16
378,Yotz,7:27,17:34
379,Feedspan,7:21,13:04
380,Rhyloo,7:57,17:25
381,Shuffletag,7:32,13:32
382,Demimbu,6:28,14:25
383,Buzzbean,7:07,19:50
384,Thoughtsphere,7:47,20:37
385,Wordify,6:58,16:48
386,Jamia,6:01,12:41
387,Tagcat,7:54,17:11
388,Oyondu,6:22,13:06
389,Quaxo,6:19,14:15
390,Jabberstorm,7:44,19:36
391,Eayo,6:25,16:18
392,Wikivu,7:16,19:13
393,Quimba,6:47,12:06
394,Brainsphere,6:36,18:56
395,Fatz,7:32,20:31
396,Riffpath,6:11,14:23
397,Skimia,7:00,19:19
398,Livetube,7:08,12:27
399,Twitterworks,7:25,16:45
400,Zooveo,6:22,19:15
401,Thoughtstorm,6:43,19:34
402,Cogilith,7:41,15:00
403,Cogilith,7:10,12:05
404,Twitterlist,6:37,13:10
405,Minyx,6:07,15:37
406,Zoozzy,6:07,20:15
407,Jazzy,7:51,14:59
408,Trudeo,6:27,18:04
409,Brainlounge,6:34,16:06
410,Yotz,7:36,15:14
411,Voonix,7:03,15:15
412,Fivespan,7:13,15:19
413,Vipe,7:16,16:13
414,Innotype,7:10,12:59
415,Oyoyo,7:45,18:17
416,Vimbo,7:37,19:27
417,Brainbox,7:40,15:23
418,Oyope,7:48,17:57
419,Trunyx,6:21,20:18
420,Realbuzz,7:02,16:57
421,Mydo,6:06,15:05
422,Blogtags,6:47,16:58
423,Jetpulse,6:24,19:16
424,Dabfeed,6:58,20:19
425,Fiveclub,6:44,16:00
426,Gevee,7:44,13:29
427,Meembee,7:19,20:38
428,Kanoodle,7:26,19:41
429,Twitternation,7:19,13:27
430,Jayo,7:03,12:28
431,Livetube,7:01,20:23
432,Trudoo,7:48,18:30
433,Skyvu,7:31,18:03
434,Kamba,7:18,13:44
435,Realcube,7:12,20:07
436,Innotype,7:50,17:41
437,Trupe,6:55,20:00
438,Tagcat,6:13,19:17
439,Twitterbridge,6:19,18:10
440,Browsecat,6:04,13:30
441,Avamba,7:24,19:30
442,Jabbertype,7:23,12:19
443,Photojam,7:17,20:50
444,Oba,7:03,20:03
445,Blognation,7:54,16:42
446,Youtags,7:41,14:34
447,Leenti,6:45,18:35
448,Jazzy,7:07,13:11
449,Skilith,7:45,14:17
450,Meedoo,7:09,12:13
451,Yadel,7:35,16:41
452,Centimia,7:06,14:29
453,Camido,6:27,19:09
454,Leenti,7:33,15:48
455,Topicware,7:47,13:34
456,Yambee,6:24,19:04
457,Yakitri,7:01,14:36
458,Zoovu,6:21,13:08
459,Zava,7:18,19:21
460,Flashspan,7:55,19:03
461,Skibox,7:49,17:20
462,Oyope,7:33,13:36
463,Browsezoom,6:45,20:10
464,Linkbuzz,6:36,18:30
465,Eadel,7:09,12:25
466,Twitterwire,7:56,19:07
467,Lazz,6:30,16:47
468,Skidoo,6:15,18:36
469,Rhybox,7:36,14:22
470,Vidoo,6:37,16:19
471,Feedbug,6:03,15:44
472,Jatri,6:49,14:24
473,Oyoyo,6:42,18:46
474,Kimia,7:01,20:35
475,Eabox,7:47,18:57
476,Pixope,7:10,18:50
477,Lazz,6:55,14:12
478,Vinte,7:29,20:40
479,Eabox,7:11,17:00
480,Skimia,7:40,14:26
481,Meemm,6:29,15:44
482,Skyvu,7:42,13:47
483,Rhynoodle,7:12,12:33
484,Skivee,6:23,17:04
485,Chatterbridge,7:39,13:39
486,Mycat,6:42,13:32
487,Topicware,7:53,14:48
488,BlogXS,6:31,17:42
489,Kazio,7:55,12:10
490,Blogpad,6:15,18:51
491,Abata,7:23,15:03
492,Quimba,6:29,15:38
493,Jetwire,6:07,18:10
494,Yoveo,7:42,16:51
495,Yamia,6:27,15:09
496,Jaxnation,7:04,12:30
497,Dabtype,7:52,20:16
498,Gigabox,6:30,14:30
499,Lazzy,6:50,15:18
500,Fatz,6:33,17:25
501,Kare,6:37,16:13
502,Ntags,7:21,20:06
503,Devshare,6:50,12:33
504,Quinu,7:05,16:02
505,Browsecat,7:50,14:46
506,Quaxo,6:03,17:38
507,Topdrive,7:35,16:24
508,Shufflester,7:42,19:25
509,DabZ,6:43,16:27
510,Meevee,7:34,19:18
511,Voomm,6:26,18:48
512,Jabbersphere,6:28,15:16
513,Divavu,7:00,19:58
514,Tagpad,6:35,19:36
515,Gigabox,6:07,18:44
516,Wordtune,6:16,15:51
517,Devbug,6:41,12:31
518,Youtags,6:19,14:26
519,Feedmix,6:53,17:17
520,Browsecat,6:26,15:25
521,Youtags,7:12,20:43
522,Realpoint,7:23,18:11
523,Meetz,7:43,19:07
524,Zoovu,6:44,13:30
525,Viva,7:38,18:55
526,Twiyo,6:44,13:24
527,Katz,7:33,17:50
528,Oba,7:50,20:33
529,Kwimbee,7:55,14:22
530,Dabfeed,6:58,12:00
531,Thoughtmix,6:34,20:36
532,Rhybox,6:34,18:59
533,Shufflebeat,7:28,14:48
534,Katz,6:47,12:17
535,Mymm,6:02,13:08
536,Skipstorm,6:08,17:02
537,Skajo,6:45,16:51
538,Pixope,7:13,17:22
539,Tagcat,7:34,18:49
540,Devcast,7:59,14:25
541,Realmix,6:49,16:55
542,Skippad,7:18,16:49
543,Twinte,6:58,13:43
544,Tavu,7:04,19:10
545,Flipstorm,6:25,19:19
546,Katz,6:38,18:11
547,Youspan,7:26,20:38
548,Jayo,6:26,20:48
549,Zoomcast,6:15,13:48
550,Vimbo,6:27,14:30
551,Trupe,7:10,20:12
552,Einti,6:34,14:09
553,Mynte,6:58,13:39
554,Voonyx,7:16,19:16
555,Ntags,7:49,13:21
556,Feedspan,6:40,20:38
557,Eadel,7:52,14:57
558,Realcube,6:37,14:01
559,Eidel,6:17,17:01
560,Yodo,7:11,13:33
561,Oyope,6:46,12:40
562,Oyoba,6:12,15:42
563,Zoomdog,6:29,17:30
564,Babblestorm,7:28,16:59
565,Realcube,7:23,15:27
566,Vinder,6:00,16:56
567,Livepath,7:14,13:48
568,Gigashots,6:15,13:16
569,Realcube,6:19,13:42
570,Yotz,7:13,20:06
571,Fadeo,7:03,13:22
572,Devshare,7:49,19:45
573,Feedbug,6:19,12:44
574,Nlounge,6:55,16:13
575,Demimbu,7:30,19:29
576,Wordtune,6:37,15:20
577,Oyondu,6:46,17:23
578,Jabbersphere,7:09,18:24
579,Trudoo,6:45,14:41
580,Gigabox,6:54,16:44
581,Dabjam,6:31,14:46
582,Buzzbean,6:19,13:50
583,Eadel,6:27,17:51
584,Thoughtmix,6:12,16:25
585,Roodel,6:13,17:13
586,Eire,7:57,19:58
587,Edgeify,7:42,20:23
588,Edgepulse,6:54,13:50
589,Voolith,6:21,16:51
590,Mita,6:40,16:20
591,Tazzy,7:55,14:15
592,Devify,7:50,14:48
593,Oozz,6:09,17:29
594,Kazio,6:53,13:00
595,Realmix,6:58,15:36
596,Brainverse,7:04,15:36
597,Devify,7:44,13:29
598,InnoZ,6:23,15:22
599,Brainsphere,7:45,16:17
600,Devbug,6:55,13:40
601,Shufflester,7:54,16:52
602,Lajo,6:04,15:53
603,Zoomzone,7:42,15:30
604,Wikibox,6:32,18:00
605,Tagpad,7:07,15:17
606,Babblestorm,6:45,15:51
607,Quimm,6:04,12:34
608,Kamba,6:51,13:18
609,Topiclounge,6:08,18:17
610,Voomm,7:42,13:18
611,Minyx,6:33,14:54
612,Thoughtstorm,6:30,17:43
613,Rhynyx,7:49,19:13
614,Avamm,7:50,20:20
615,Yamia,7:11,16:51
616,Zoomcast,6:59,12:10
617,Centizu,7:20,16:58
618,Realfire,7:46,18:27
619,Twitterbridge,6:57,12:51
620,Eayo,6:42,15:09
621,Realbuzz,7:46,15:16
622,Viva,6:35,18:59
623,Youspan,7:03,18:11
624,Digitube,6:12,17:50
625,Twitterbeat,7:09,20:06
626,Avavee,7:49,16:01
627,Miboo,6:31,13:50
628,Ntag,7:55,14:46
629,Ooba,6:25,12:58
630,Zoomlounge,6:21,17:39
631,Browsecat,7:27,20:58
632,Fivespan,6:09,12:59
633,Devify,6:22,17:48
634,Thoughtstorm,7:06,14:54
635,Avamba,6:17,14:52
636,Yambee,6:43,12:02
637,Shuffledrive,6:36,20:32
638,Wikizz,6:39,12:14
639,Jetwire,7:17,18:23
640,Tavu,6:29,16:24
641,Centizu,7:37,18:57
642,Gevee,7:57,20:52
643,Thoughtworks,6:30,19:38
644,Skippad,7:59,13:56
645,Devbug,7:12,14:05
646,Edgeblab,6:56,17:35
647,Meedoo,7:24,19:03
648,Flashspan,7:55,17:26
649,Omba,6:35,12:05
650,Geba,6:42,14:58
651,Devcast,6:42,20:22
652,Rooxo,6:58,13:29
653,Kare,6:43,16:10
654,Quatz,7:41,19:29
655,Buzzshare,6:13,12:52
656,Wikivu,6:47,12:07
657,Fiveclub,6:57,18:40
658,Cogidoo,6:13,16:50
659,Realblab,6:45,18:13
660,Photolist,7:50,13:43
661,Skaboo,7:49,14:28
662,Babbleset,7:57,19:01
663,Brightdog,6:09,18:40
664,Quaxo,6:03,18:21
665,Kwinu,6:35,14:10
666,Oyoba,7:21,16:50
667,Jaxbean,7:22,18:16
668,Yodoo,6:38,12:47
669,Zoomlounge,7:51,17:48
670,Skipstorm,6:22,13:41
671,Voolith,6:45,18:02
672,Dabfeed,6:10,14:15
673,Zoomzone,7:13,16:46
674,Viva,6:00,12:15
675,Dabshots,6:36,17:22
676,Janyx,7:36,17:10
677,Browsezoom,7:00,16:51
678,Zoomlounge,6:36,13:13
679,Jabbersphere,7:42,14:45
680,Kwimbee,6:46,19:12
681,Nlounge,6:35,20:21
682,Linkbuzz,7:47,12:00
683,Kanoodle,6:00,18:14
684,Tagopia,6:15,20:15
685,Tekfly,7:28,13:19
686,Meezzy,6:17,16:20
687,Fivespan,6:04,20:00
688,Brightbean,7:31,17:54
689,Centimia,7:50,19:10
690,Devify,7:38,14:23
691,Jabberbean,6:49,19:54
692,Quimba,7:38,13:51
693,Quatz,7:14,19:17
694,Jaxnation,6:37,13:01
695,Skyba,7:04,19:56
696,Babbleblab,6:35,15:38
697,BlogXS,7:19,13:18
698,Linkbuzz,7:41,15:59
699,Realfire,6:10,15:49
700,Jaxspan,6:00,12:35
701,Cogidoo,7:28,15:56
702,Skinte,6:17,20:23
703,Babbleblab,6:01,18:19
704,Vitz,7:40,13:26
705,Youspan,7:20,19:43
706,Twinte,7:36,14:48
707,Photobug,7:30,12:58
708,Mynte,6:20,14:11
709,Lajo,6:09,16:33
710,Livefish,6:59,17:45
711,Eimbee,7:15,18:47
712,Mycat,6:41,19:57
713,Jabbercube,7:13,17:38
714,Eare,7:57,16:57
715,Skilith,7:18,16:34
716,Fivechat,6:28,15:04
717,Buzzshare,7:35,12:50
718,Kwideo,6:47,18:06
719,Muxo,7:21,15:54
720,Voonte,7:31,15:55
721,Twitternation,7:43,16:18
722,Dynava,6:21,17:51
723,Voomm,6:02,16:25
724,Browsebug,6:52,16:33
725,Yodo,6:32,19:48
726,LiveZ,6:08,16:11
727,Centimia,7:50,19:46
728,Meetz,6:23,15:29
729,Flipstorm,6:43,12:20
730,Thoughtmix,7:50,13:24
731,Linklinks,6:27,19:22
732,Gigabox,7:32,16:25
733,Agimba,6:05,18:55
734,Tanoodle,6:39,14:17
735,InnoZ,7:21,18:56
736,Brainverse,7:14,20:54
737,Wikibox,6:35,14:32
738,Wikizz,6:16,20:50
739,Jaxworks,7:27,16:48
740,Miboo,7:59,19:13
741,Gevee,7:58,18:53
742,Yacero,6:20,17:10
743,Zoovu,6:54,16:13
744,Aimbo,6:00,18:24
745,Skyba,7:20,15:16
746,Ailane,7:20,15:34
747,Edgeclub,7:09,15:32
748,Trilith,7:43,16:45
749,Eidel,6:42,14:36
750,Blogpad,6:20,16:31
751,Cogibox,6:08,16:35
752,InnoZ,7:28,13:36
753,Mudo,6:08,14:28
754,Mycat,6:16,12:28
755,Eamia,7:37,17:55
756,Roombo,7:37,12:52
757,Ailane,7:06,14:47
758,Gabtune,7:05,14:54
759,Chatterbridge,6:08,18:45
760,Rhynyx,6:02,16:35
761,Youbridge,7:33,17:41
762,Rhynoodle,7:37,19:39
763,Bubblebox,7:32,13:41
764,Yakijo,6:21,14:47
765,Vidoo,6:50,12:12
766,Quamba,7:16,19:10
767,Rooxo,7:50,18:53
768,Tanoodle,6:57,16:34
769,Zoonder,6:14,20:43
770,Devpoint,7:16,15:58
771,Realmix,7:00,16:31
772,Mycat,7:49,20:06
773,Jaxworks,6:46,20:02
774,Digitube,6:00,13:34
775,Twiyo,7:26,19:38
776,Skaboo,6:34,18:25
777,Feedfire,7:13,19:31
778,Trilith,6:35,13:20
779,Brainlounge,7:51,18:33
780,Oloo,6:29,20:25
781,Yambee,7:34,16:55
782,Skinder,6:27,16:21
783,Kayveo,7:54,15:33
784,Edgetag,6:38,17:35
785,Midel,7:07,19:18
786,Photobug,6:19,16:33
787,Brightdog,6:28,15:33
788,Thoughtbridge,7:37,14:12
789,Yoveo,7:02,20:58
790,Katz,6:46,16:02
791,Quire,7:57,15:38
792,Skimia,6:46,20:35
793,Zoombeat,6:07,18:50
794,Skivee,7:40,13:57
795,Fatz,6:45,12:26
796,Topicshots,7:39,15:18
797,Meevee,7:15,19:36
798,Jabbersphere,6:34,19:38
799,Yadel,7:24,20:04
800,Aibox,7:09,19:07
801,Twitterlist,6:45,16:45
802,Thoughtsphere,6:10,16:13
803,Blogspan,7:26,17:08
804,Mymm,7:45,17:23
805,Vinder,7:13,13:51
806,Npath,7:32,19:52
807,Wikizz,7:29,18:17
808,Tagcat,7:57,18:28
809,Yakijo,6:18,12:52
810,Twimbo,7:12,14:44
811,Zoozzy,6:18,13:04
812,Devpulse,6:59,12:23
813,Topiczoom,7:20,20:21
814,Mynte,7:52,19:00
815,Zoonoodle,6:22,13:01
816,Layo,6:38,19:51
817,Tagfeed,6:49,14:21
818,Rhyloo,7:42,17:32
819,Brainsphere,7:16,18:16
820,Layo,7:00,12:48
821,Meetz,7:49,18:23
822,Voolia,6:28,13:30
823,Yamia,7:18,16:35
824,Skiba,7:01,12:40
825,Meembee,7:33,18:34
826,Dabjam,6:00,20:58
827,Topicshots,6:16,14:17
828,Vinte,7:56,12:35
829,Trudoo,7:14,16:45
830,Blogpad,6:35,20:42
831,Kwimbee,7:07,18:38
832,Mydeo,6:51,20:14
833,Skalith,6:05,19:02
834,Photofeed,6:17,13:37
835,Jayo,6:10,15:35
836,Jabberbean,6:28,16:30
837,Demivee,7:11,19:41
838,Tanoodle,7:22,12:09
839,Yodel,7:41,17:14
840,Fanoodle,7:15,18:12
841,Eadel,6:41,17:23
842,Tagchat,7:55,20:37
843,Yata,7:01,16:51
844,InnoZ,6:05,13:35
845,Tavu,7:55,13:54
846,Topiclounge,7:37,14:55
847,Zoomcast,7:59,19:05
848,Eire,7:55,19:02
849,Quimba,7:40,12:38
850,Eidel,6:20,15:10
851,Eire,7:48,18:43
852,Realcube,6:07,17:14
853,Linkbuzz,7:43,17:08
854,Trudeo,7:34,17:36
855,Centizu,7:39,20:30
856,Podcat,7:54,16:26
857,Yoveo,6:23,18:36
858,Zoonoodle,7:34,14:06
859,Jaxbean,6:03,16:54
860,Voomm,7:11,13:59
861,Npath,7:25,16:31
862,Snaptags,7:42,18:21
863,Roodel,7:10,16:31
864,Skyvu,7:17,13:23
865,Skippad,7:49,16:36
866,Fivechat,7:03,20:21
867,Dynava,7:55,14:07
868,Shuffledrive,6:49,20:49
869,Voomm,7:26,12:23
870,Wordpedia,7:42,13:19
871,Tagfeed,6:03,13:41
872,Dabfeed,7:42,16:15
873,Browseblab,7:08,16:54
874,Muxo,6:45,12:24
875,Livepath,6:43,17:02
876,Voonyx,6:22,16:37
877,Jaloo,6:39,18:02
878,Dynazzy,6:27,16:56
879,Brightbean,7:29,15:15
880,Teklist,6:32,17:57
881,Vinder,6:12,15:31
882,Browsecat,6:19,20:18
883,Linktype,6:29,16:35
884,Feedbug,7:44,13:17
885,Eabox,7:23,15:37
886,Blogtag,6:21,18:48
887,Skaboo,6:44,19:56
888,Gabvine,7:29,14:00
889,Miboo,7:40,16:11
890,Fatz,6:58,14:59
891,Skyble,6:29,20:13
892,Demizz,7:48,15:16
893,Kwimbee,6:04,16:34
894,Quamba,6:48,12:45
895,Thoughtmix,7:06,16:28
896,Agivu,7:47,15:04
897,Ozu,7:50,18:06
898,Brainverse,7:54,12:05
899,Skilith,6:54,15:19
900,Linkbuzz,6:24,12:12
901,Fadeo,7:45,19:41
902,Thoughtbridge,6:53,15:00
903,Cogidoo,6:13,16:38
904,Avaveo,6:10,16:39
905,Skivee,6:31,20:31
906,Jayo,6:01,13:50
907,Blogspan,7:07,15:29
908,Vidoo,7:39,18:18
909,Eare,6:39,16:00
910,Riffwire,6:13,13:08
911,Yambee,6:26,18:40
912,Kazu,7:42,18:30
913,Quimm,7:43,15:32
914,Topdrive,7:20,16:25
915,Rhynoodle,7:30,17:34
916,Rooxo,6:39,20:42
917,Zoomzone,6:27,14:51
918,Tagopia,6:28,13:43
919,Wordpedia,6:09,20:25
920,Trudeo,7:03,18:18
921,Linkbridge,7:11,16:33
922,Skipstorm,6:18,16:15
923,Thoughtsphere,6:00,17:11
924,Twinte,6:38,15:36
925,Skimia,7:55,12:26
926,Voolith,7:09,15:43
927,Nlounge,6:04,15:47
928,Babbleopia,6:16,12:57
929,Trilith,6:33,14:44
930,Wikizz,7:46,17:20
931,Flashpoint,7:26,19:16
932,Quatz,6:07,16:12
933,Mynte,7:39,15:08
934,Yacero,7:07,18:54
935,Realpoint,7:28,12:49
936,Zoomdog,7:45,14:27
937,Lazzy,6:54,19:36
938,Twinte,7:22,19:47
939,Youbridge,7:45,18:34
940,Dablist,6:08,20:48
941,Twinte,6:12,16:46
942,Kwilith,6:32,15:55
943,Quatz,6:25,20:41
944,Realblab,7:16,13:50
945,Gigaclub,7:34,14:44
946,Ozu,6:53,19:52
947,Dabshots,6:52,17:05
948,Jaxworks,6:00,12:21
949,Trupe,7:15,19:36
950,Shuffledrive,7:25,15:58
951,Centidel,6:54,16:17
952,Realblab,7:55,18:58
953,Youspan,6:51,14:20
954,Linkbuzz,6:06,13:23
955,Trilith,7:08,14:39
956,Aimbu,6:09,19:42
957,Edgewire,7:18,17:55
958,Zooveo,6:08,13:52
959,Thoughtworks,6:59,18:34
960,Oyoyo,6:23,12:26
961,Tagtune,6:16,13:52
962,Skidoo,7:21,20:49
963,Ainyx,7:12,16:06
964,Jabbersphere,6:20,12:34
965,Vidoo,7:12,17:24
966,Kwideo,7:40,14:17
967,Tazz,7:01,13:55
968,Talane,7:43,14:03
969,Agivu,6:23,19:35
970,Plajo,7:38,13:51
971,Youopia,7:45,14:45
972,Voomm,6:40,19:07
973,Youspan,7:52,19:20
974,Jabbersphere,7:45,12:21
975,Topdrive,6:58,18:05
976,Mynte,6:26,16:44
977,Quire,7:16,16:58
978,Vipe,7:27,16:34
979,Mycat,7:15,15:58
980,Feedfish,7:01,18:59
981,Flipbug,6:38,19:00
982,Youtags,7:32,19:14
983,Jabbercube,6:18,17:40
984,Kamba,7:49,12:31
985,Shufflester,6:36,19:45
986,Ainyx,6:16,19:38
987,Wikizz,7:35,20:49
988,Jazzy,7:31,13:30
989,Rhynyx,7:00,15:02
990,Yata,6:49,19:51
991,Quamba,6:25,12:20
992,Mybuzz,7:30,14:27
993,Voonder,6:30,15:03
994,Flashspan,7:39,18:46
995,Linkbuzz,6:46,20:49
996,Wordpedia,6:39,12:16
997,Devcast,7:55,18:18
998,Reallinks,6:21,13:54
999,Buzzdog,7:26,20:17
1000,Demimbu,6:55,12:49
