1,Orville Sivewright,370
2,Aridatha Lacelett,766
3,Putnam Hallitt,90
4,Chic Congram,295
5,Georgette McCorkindale,506
6,Colleen Coultish,672
7,Mureil Leathem,177
8,Melloney Canlin,751
9,Alida Harkins,346
10,Danya Laxon,446
11,Pincas Putnam,723
12,Zarah Bichard,348
13,Alvera Gottschalk,628
14,Manolo Marson,722
15,Dick Weal,383
16,Darsey O'Brian,385
17,Carmine Petrik,138
18,Erik Greenroad,487
19,Chantal Siley,891
20,Celeste Egiloff,904
21,Melisent Pomfrey,986
22,Jermain Dawbury,883
23,Heda Strowger,722
24,Timmy Abberley,123
25,Horatio Sallnow,28
26,Stafford Beldon,198
27,Birgitta Sayer,405
28,Giorgio Eddoes,59
29,Charla Swendell,244
30,Nicoli Ainsley,800
31,Kristien Cahn,54
32,Louis Prestage,993
33,Vivyan Rathbone,841
34,Adey Brunesco,90
35,Chrissy Atte-Stone,779
36,Natalina Million,307
37,Clemente Melding,318
38,Zacharia Romagnosi,163
39,Tina Aloigi,944
40,Winna Philipart,578
41,Antony Wabersinke,621
42,Rog Bille,695
43,Stacee Applin,844
44,Petrina Wissbey,293
45,Niven Wordington,819
46,John Statefield,6
47,Chester Clacey,548
48,Mattias Scrooby,907
49,Drud Leney,589
50,Barn Espinola,687
51,La verne Armin,733
52,Seymour Brownlea,714
53,Devy Rider,873
54,Anabal Haythorn,518
55,Hortense Ryce,190
56,Mariellen Fattorini,139
57,Rodi Bolzen,153
58,Antonietta Heyball,683
59,Kathi Roskelly,959
60,Maddy Atherton,125
61,Dunn Leyes,220
62,Granger Dewbury,804
63,Minette Kikke,619
64,Geneva Sanja,21
65,Milzie Delhay,476
66,Glennis Castilla,672
67,Melvin Harraway,216
68,Chelsie Antonat,387
69,Bertine Heigl,397
70,Ellie Daysh,103
71,Nickolai Yantsev,585
72,Nicky Clapson,431
73,Constancia Costain,734
74,Marmaduke Laise,346
75,Kailey Du Barry,183
76,Kerry Hazeldene,624
77,Mella Slowgrove,730
78,Ellissa Winterflood,294
79,Maurie Lloyd-Williams,987
80,Mickie Delcastel,371
81,Bendix Brogioni,358
82,Rhett Moulster,607
83,Karylin Goggins,282
84,Welch Colquhoun,275
85,Arlen Bonallack,690
86,Mari Klyner,942
87,Gaylor Winslett,199
88,Euphemia Devil,614
89,Nona Giorgioni,446
90,Curran Franzonetti,810
91,Maddy Varns,855
92,Nicki MacCathay,656
93,Trueman Squelch,236
94,Umeko Bernollet,525
95,Sebastian Henkens,371
96,Camellia Miliffe,583
97,Evelina Stone Fewings,618
98,Debora Kingsworth,59
99,Stefanie Gudgin,366
100,Roda Klee,691
101,Merline Bodsworth,216
102,Ezechiel Blackaby,212
103,Aila Hovenden,885
104,Ambrosi Goldsmith,212
105,Bessy Johl,388
106,Dionis Ballham,752
107,Elnore Schuck,628
108,Fara Boness,439
109,Drew Piggford,395
110,Haley Mathews,903
111,Fiorenze Kondratyuk,908
112,Carma Jurca,243
113,Yank Barcke,267
114,Lombard Kinahan,711
115,Antony Kenward,316
116,Betty Pratley,488
117,Christyna Damiata,603
118,Bat Bayne,209
119,Bernette Robillart,7
120,Ofilia Demer,463
121,Cleon Dimsdale,491
122,Freeland Tremberth,744
123,Hollis Colclough,964
124,Barnett Iddison,951
125,Walker Wyburn,636
126,Bunni McDool,790
127,Garold Haken,949
128,Cosetta Crebbin,857
129,Gabriel Kinvig,334
130,Jermayne Hurdiss,461
131,Maye Pavluk,277
132,Lidia Clemmens,970
133,Esmeralda Nason,593
134,Chico Breming,259
135,Jourdain Tointon,11
136,King Golly,236
137,Karena Messitt,739
138,Nerta MacAlester,735
139,Marv McConnel,453
140,Beverlie Freed,279
141,Kaylyn McIver,949
142,Benedetto Olennikov,579
143,Gaby Titcombe,255
144,Alexandro Ladds,493
145,Brennan Armytage,870
146,Bethany Tindley,739
147,Jen Gaffon,514
148,Barret Udie,13
149,Charla L' Anglois,417
150,Mommy McLanachan,753
151,Welsh Shilstone,509
152,Lorrayne Prince,845
153,Domenico Frances,362
154,Debee Fitzsymons,694
155,Kean Vasilic,277
156,Misty Rutty,86
157,Mia Poser,71
158,Mathian Wurz,710
159,Shurlocke Benedicte,544
160,Kristos Noor,87
161,Elberta Dawkes,599
162,Martino Tidbold,556
163,Shelbi Masic,567
164,Dulcy Sharply,777
165,Audie Pardal,277
166,Doralynn Gerling,893
167,Jay Gianninotti,774
168,Angelita Kitlee,598
169,Nat Guitte,464
170,Lavina Phinn,979
171,Clark Beade,805
172,Lucian Edeson,877
173,Andris Kornilov,878
174,Fidelity Mowat,157
175,Fawn Waghorne,369
176,Cahra Chadderton,588
177,Catharina Boddis,572
178,Helenelizabeth Hambric,790
179,Leonelle McLardie,393
180,Miof mela Gomes,487
181,Bryn Karpychev,578
182,Finlay Prentice,932
183,Lurette Slora,533
184,Jordon Morgen,5
185,Aura Halliburton,514
186,Donnell Shoreman,81
187,Rab Braybrooks,778
188,Devon Giraldon,73
189,Zitella Dudgeon,485
190,Roselin Edens,151
191,Ernesto Gilchriest,953
192,Randy Calvert,510
193,Bradley Reinger,121
194,Walker Kohrding,984
195,Cally Waith,913
196,Leola Halloway,978
197,Judas Barnhart,750
198,Gaylor Dallaghan,194
199,Daffi Sizeland,858
200,Catherina Rumming,695
201,Mariska Berdale,630
202,Sherwynd Pandya,478
203,Eada Zemler,32
204,Feliks Pattemore,818
205,Liana Hartington,310
206,Patricia Walkden,560
207,Kurtis Skryne,792
208,Riley Mac,164
209,Ivar Oxborrow,250
210,Mercy Galfour,315
211,Mano Phillip,27
212,Jehanna Du Hamel,33
213,Hermann Cleynaert,888
214,Alejoa Heller,468
215,Pru Summerson,91
216,Kaye Cushworth,978
217,Mandel Stenton,518
218,Karna Richens,958
219,Ivory Pilipets,716
220,Chicky Hawkyens,642
221,Kelley Parmby,792
222,Kippy Kryszka,533
223,Lynnett Cackett,787
224,Kelly Corbishley,829
225,Moshe Ferbrache,904
226,Lizzie Surmeyer,677
227,Pinchas Packham,566
228,Nixie Almack,168
229,Bar Bozier,565
230,Tyrone Trevithick,437
231,Jere Blaschek,122
232,Fionna Campe,490
233,Garret Runcie,813
234,Pierce Lippard,112
235,Odelle Coppin,715
236,Catina Hannay,576
237,Keenan Moan,147
238,Allard Beake,723
239,Laird Weekes,95
240,Paulie Gransden,90
241,Osbert Aulton,788
242,Wayland MacRierie,103
243,Dylan Krysztofowicz,358
244,Fanchette Blackman,203
245,Britte Gannan,905
246,Lemmy Denial,455
247,Christiano Gustus,275
248,Tasha Maton,787
249,Lexis Morden,983
250,Althea Mateus,738
251,Bradan Tolussi,760
252,Charmine Blaszkiewicz,670
253,Nona Leason,799
254,Sisely Shade,58
255,Carly Leile,398
256,Ray Arbor,43
257,Teddi Hatchell,788
258,Josi Hogsden,883
259,Drew Gaskamp,478
260,Kaitlyn Troyes,767
261,Krisha Reddish,238
262,Maia Corter,953
263,Saul Fanton,563
264,Celina Curnick,491
265,Gavrielle Arney,662
266,Toby Duran,884
267,Vittoria Malzard,248
268,Deeanne Smellie,984
269,Padriac Pummery,345
270,Kinsley Huxtable,297
271,Jacklyn Bricknall,438
272,Lucas Rickards,921
273,Eddie Farmery,393
274,Hubey Goade,904
275,Keri Conre,258
276,Tresa Syer,857
277,Shane Nelthorpe,413
278,Hussein Maltster,11
279,Jess Valasek,970
280,Garrott Newlove,587
281,Mariya Jilliss,396
282,Kaspar Middle,279
283,Tudor Tonkes,923
284,Mandy Boich,514
285,Deloris Scemp,454
286,Petunia Bowlas,438
287,Gal Orteu,967
288,Virge Shears,210
289,Quintus Mullard,297
290,Ninnette Yedall,61
291,Essy Graben,898
292,Wiley Naris,905
293,Lauren Dearing,307
294,Giacopo Lefever,525
295,Ric Calbreath,635
296,Isaak Mattiassi,437
297,Anestassia Stading,97
298,Marielle Sutherland,37
299,Morey Rothman,120
300,Patten Dries,588
301,Georgi Piner,913
302,Burke Beckhurst,54
303,Tucky Pembridge,817
304,Keen Galey,579
305,Deana Dalmon,23
306,Jobey Stutt,79
307,Celia Aicheson,264
308,Amos Trelease,710
309,Golda Bartoszewski,550
310,Phyllys Pimer,783
311,Chaunce Tildesley,474
312,Cassius Povah,428
313,Paquito Littlekit,871
314,Cherise Furney,805
315,Morganica Lethem,704
316,Madison Potier,207
317,Doyle Goodbourn,371
318,Aretha Westcott,180
319,Holly Hucke,186
320,Tabby Rowbottom,274
321,Hewet Britnell,231
322,Meghann Rhys,504
323,Ianthe Beeze,501
324,Kristi Lamacraft,216
325,Virgilio Remmers,589
326,Suzann Wringe,539
327,Lorrin Jepensen,232
328,Stinky Bayfield,643
329,Grata Emburey,683
330,Alfie Ferrario,734
331,Rockwell Lawlings,659
332,Elvin Gaffer,353
333,Merilyn Tracey,983
334,Jaimie Primo,612
335,Webster Lidbetter,268
336,Lenette McInnery,755
337,Cary Warbeys,235
338,Daffie Hannant,609
339,Jessamine Peele,710
340,Dennison Grishkov,499
341,Henry Bridger,177
342,Cornelia Tripp,925
343,Vidovic Carbonell,882
344,Filmer Guage,212
345,Gwenni Posselt,284
346,Sallee Marlen,293
347,Sinclair Henrion,588
348,Vitoria Peltzer,279
349,Therine Durnall,206
350,Lyell Belcham,897
351,Astra Kimmings,529
352,Herby Stoakes,903
353,Garreth Angeli,902
354,Hamil Kisbee,292
355,Gale Byres,350
356,Almire Fishwick,25
357,Elliot Fennell,69
358,Happy Durn,329
359,Rebecca Lefort,322
360,Alvera Grooby,447
361,Piotr Andreucci,688
362,Anderson McKeighan,919
363,Fawn Geibel,535
364,Edie Packington,126
365,Haydon Trussell,326
366,Ludovika Kuzemka,901
367,Mile Kealy,851
368,Sibylla Mayo,76
369,Allyn Cormack,284
370,Gae O'Lenane,167
371,Maryanne Litton,502
372,Carey Wontner,961
373,Zebedee Findlow,791
374,Axe Ceeley,916
375,Curry Velde,667
376,Nola Crennell,385
377,Friederike Kristoffersson,58
378,Earlie Desborough,964
379,Rab Carruth,918
380,Tiebout Glowach,801
381,Smith Noir,696
382,Franz Ciobutaro,773
383,Terza Porkiss,644
384,Amelie Scrannage,527
385,Kariotta Learmond,692
386,Alvera McHarry,683
387,Dona Coombe,582
388,Damaris Jakeman,28
389,Deane Sprott,68
390,Alejoa Lunnon,923
391,Sig Skells,231
392,Neron Chester,541
393,Marcos Knatt,508
394,Sarette Vorley,393
395,Eustacia Beecraft,724
396,Pepe Arnett,586
397,Robert Baskerfield,922
398,Ambrose Mainds,457
399,Heidie Craker,429
400,Malchy Semorad,97
401,Wilburt Parade,188
402,Chrissie Greatex,89
403,Carmina Kluger,38
404,Violante Alen,840
405,Inesita Glantz,74
406,Bernadina Turmel,737
407,Fred Woodruffe,907
408,Dorise Piet,575
409,Cicely Treppas,778
410,Sigmund Raiment,861
411,Allan Gratland,498
412,Helli Southgate,605
413,Fredek Birchett,454
414,Katha Getty,947
415,Eunice Prandy,428
416,Cindie Holgan,971
417,Maribelle Quilty,834
418,Lolly Purselowe,971
419,Ripley Burde,742
420,Alexia Sheirlaw,295
421,Jocko Rohlf,738
422,Francene Temby,410
423,Francklin Willment,288
424,Erroll Shitliff,842
425,Sunny Sheals,105
426,Elayne Trinkwon,408
427,Werner Tindle,218
428,Loutitia Hearsey,629
429,Penni Semmence,173
430,Ardra Brower,386
431,Sully Duran,38
432,Ruddie Culkin,626
433,Philbert Pilpovic,47
434,Valma Lyes,952
435,Bernardine Guage,935
436,Lesya Kisting,490
437,Emmerich Brambell,542
438,Zorine Butler-Bowdon,601
439,Harrietta Rushmare,821
440,Charla Sterling,781
441,Turner Oldman,699
442,Allene Reisin,789
443,Kelcy Brent,910
444,Tessi Shaplin,899
445,Deloris Crothers,336
446,Farah Cabrara,732
447,Sianna Saladine,25
448,Fransisco Di Angelo,91
449,Adrian Massow,738
450,Wilma Schulze,529
451,Simonette Hubbis,795
452,Harvey Edelman,223
453,Cairistiona Ondrich,406
454,Aubrey Bulcroft,180
455,Jane Leile,463
456,Javier Hinge,718
457,Marijo Severs,116
458,Ariel Dreger,315
459,Talya Rops,163
460,Tobey Pratchett,124
461,Lola Hilbourne,668
462,Alfredo Hicklingbottom,393
463,Ilyse Shaxby,745
464,Chaddy Colkett,777
465,Mina Chat,379
466,Esme Rofe,113
467,Cesya Jane,515
468,Angel Holdron,369
469,Fredericka Quinby,671
470,Kylila Caneo,158
471,Bartholomew Micheu,39
472,Albie Krzyzowski,149
473,Glenden Haswell,867
474,Adrianna Vigurs,986
475,Danny Trenoweth,239
476,Thurstan Dikelin,345
477,Vikky Sidnall,598
478,Joell Drakeley,131
479,Johannah Blaschke,231
480,Melli Cornils,549
481,Bevan Venner,328
482,Bari Kohnemann,699
483,Kelly Langfat,989
484,Joice Vaan,854
485,Morgen Lindeboom,49
486,Nicolis Seldner,992
487,Whitaker Ziem,716
488,Mariejeanne Ruske,588
489,Nevile Kitt,900
490,Nance McNair,703
491,Eugenius Crossingham,523
492,Petr Wase,898
493,Danica Pindell,544
494,Nilson Gerardi,766
495,Barrett McOrkill,541
496,Fannie Howkins,939
497,Wilmer Costock,673
498,Alvinia Foad,546
499,Dawn Birkett,248
500,Lenora Colthard,596
501,Issy Everal,891
502,Krystle Ubsdale,12
503,Maud Bastin,167
504,Morse Solleme,126
505,Arni Keener,927
506,Cherilynn Bembridge,667
507,Rycca Jeandet,722
508,Joelie Hasell,736
509,Drona Leadbeatter,237
510,Fayth Jeanenet,924
511,Andres Castelow,898
512,Rhea McCallion,693
513,Steffen Newbury,633
514,Aubrey Arnaudot,479
515,Evvy Dartan,20
516,Jemmie Birbeck,604
517,Zahara Tesoe,703
518,Fletcher Spruce,439
519,Crin Coo,824
520,Wendy Hollyard,425
521,Ediva Culcheth,751
522,Karolina Thompson,429
523,Godwin Shooter,473
524,Jeralee MacCrossan,133
525,Chantal Yitzowitz,940
526,Dulcine D'Onise,37
527,Shaina Haward,32
528,Homere Thurstance,736
529,Sheilah Bolley,470
530,Hedvig Holehouse,560
531,Tyrus Ramirez,815
532,Bryan Moors,897
533,Hobard Barth,63
534,Eden Eake,788
535,Rinaldo Prendergast,376
536,Boote Crouch,440
537,Elyssa O'Shevlan,228
538,Gilbertina Tanswill,308
539,Reginald Collett,46
540,Lynette Burkin,286
541,Nathanael Perks,750
542,Renaud Edwick,98
543,Pietro Gulley,449
544,Chickie Fawcett,274
545,Ferd Cale,897
546,Tades Bilbee,131
547,Armstrong Strowther,448
548,Barbara-anne Greve,949
549,Justinn Gettins,701
550,Chloris Andryszczak,959
551,Pierrette Bautiste,734
552,Micky Ramsier,299
553,Myrvyn Barfitt,106
554,Joshua Gosford,335
555,Abbye Camelli,75
556,Nikki Causnett,816
557,Raye Spruce,409
558,Johnath Hagan,143
559,Maryjane Abbott,818
560,Penelope Heigold,427
561,Timmie Pavic,667
562,Calhoun Shapland,730
563,Klaus Arden,82
564,Darnall Paolazzi,908
565,Jessalin Michin,486
566,Demetrius Nardi,436
567,Carson Albin,507
568,Amy Blant,647
569,Gerick Sibson,713
570,Dominique Moyce,459
571,Violetta Priestland,177
572,Nara Gallemore,314
573,Ardine Voas,865
574,Alysa Kiwitz,39
575,Chad Palfrey,463
576,Lorette May,744
577,Lane Chamberlin,397
578,Kath Lockitt,210
579,Bay Simonds,226
580,Malissia Wand,504
581,Jacquelynn Bautiste,232
582,Pauly Yashin,485
583,Trixi Follos,913
584,Quentin Allday,542
585,Saudra Solomonides,486
586,Sayres Hallum,597
587,Stephine Northbridge,190
588,Taber MacCaughey,710
589,Hermia MacIlhargy,95
590,Rica Filipov,657
591,Boote Melmore,971
592,Lucy Beamson,978
593,Hubie Beine,471
594,Elene Aylmer,927
595,Hilde Portchmouth,498
596,Emmaline Gulliman,973
597,Ruperto Swanborrow,68
598,Bordy Downe,389
599,Layton Towns,333
600,Marijo Hew,21
601,Crissie Lothlorien,548
602,Belia Shapter,478
603,Paco MacLaren,881
604,Loy Pablos,304
605,Dorise Galia,454
606,Pace Schult,840
607,Susi Moden,858
608,Vassili Spyer,740
609,Shane Powdrill,902
610,Robbin Guiver,454
611,Mildrid MacEllen,865
612,Kimbra Toyer,818
613,Mercedes Tandey,743
614,Joaquin Bowle,434
615,Sande Gillow,9
616,Case Marzella,67
617,Howie Winfindale,729
618,Isadore Fryett,872
619,Maxim Ivic,400
620,Chase Allott,778
621,Elton Stonham,527
622,Mariellen Huckabe,846
623,Bee Valadez,558
624,Sean Wagg,892
625,Cristin Maulden,910
626,Royce Dewett,858
627,Cassy Hasson,38
628,Maddi Allcorn,540
629,Hayden Dowbakin,665
630,Alyda Dederick,672
631,Stefania Lohan,864
632,Scarlett Roggero,80
633,Emiline Colvine,25
634,Emmi Dot,128
635,Ulysses Valero,382
636,Yuri Buxam,852
637,Brynn Heustace,388
638,Kahlil Kewzick,36
639,Sherill Denisovich,680
640,Alidia Follet,262
641,Elmo Marikhin,63
642,Orlando MacAlpyne,602
643,Evvie Wisedale,264
644,Crista Mynett,622
645,Drusilla Bogie,621
646,Ulrich Layhe,717
647,Marlene Argabrite,122
648,Herc MacRitchie,685
649,Alfonso Fasham,919
650,Abel Giacomuzzi,363
651,Rachelle Brimley,858
652,Karoly Tillot,736
653,Jodi Finneran,285
654,Nickey LaBastida,238
655,Dorolice Fenlon,637
656,Maudie Boal,769
657,Rheba Rosthorn,222
658,Dan Govini,375
659,Jackson Dayer,527
660,Arabele Stainfield,855
661,Dore Yewdale,439
662,Elfreda MacKnocker,754
663,Waiter Marquand,43
664,Peterus Mattke,216
665,Myranda Kleinfeld,417
666,Rorke Barkworth,352
667,Molly Wehden,243
668,Michel Brecknall,542
669,Hymie Jiran,556
670,Piper Jaegar,699
671,Manon Clerke,208
672,Oralla Hurley,512
673,Aurilia Rooksby,458
674,Velma Flade,278
675,Gunilla Spering,860
676,Yvette Harryman,660
677,Rick Gallacher,637
678,Jami Morrad,570
679,Catlin Dowtry,389
680,Skyler Caulfield,178
681,Bartel Linning,443
682,Delcina Halladey,138
683,Tanney Gilffillan,245
684,Casi Aumerle,116
685,Dacey Richemond,781
686,Melina Middell,430
687,Cissiee Bingle,802
688,Gauthier McRobbie,693
689,Wendy Reignard,936
690,Laverna Canet,851
691,Pandora Fordy,992
692,Tillie O'Daly,704
693,Ag Coldbathe,652
694,Beatrice Randell,804
695,Danny Oldroyde,316
696,Gates Belison,883
697,Francois Tott,792
698,Victoir Gurwood,278
699,Ardene Bowich,366
700,Traci Levi,271
701,Tim McGow,780
702,Giovanni O' Hern,388
703,Maurita Tremayne,87
704,Hershel Rickerby,153
705,Brig Phillips,773
706,Camilla Ryburn,474
707,Kaycee Perfect,117
708,Moss Baumber,48
709,Cherey Vynehall,390
710,Beckie Heintze,384
711,Rollie Walsh,40
712,Blane Hegg,558
713,Ellswerth Lemmon,526
714,Aland Butterwick,638
715,Cathrine Telling,126
716,Jillie Lugard,399
717,Wilbur Habbijam,902
718,Amalee Gian,270
719,Tammara Gartell,738
720,Bevvy Persse,468
721,Inglis Blackaller,849
722,Raquel Felmingham,812
723,Raimundo Ivkovic,496
724,Ginny Matresse,112
725,Shaina Rawcliffe,51
726,Vick Maskill,111
727,Cheslie Stradling,866
728,Friederike Willbourne,645
729,Sheri Giddins,489
730,Hatti Chestle,61
731,Laurette Gavrieli,147
732,Nicki Jaegar,807
733,Benedikt Maxwale,773
734,Pepe Dufour,106
735,Howard Seebright,798
736,Huntley Bolles,397
737,Deidre Honnicott,861
738,Codie Monnoyer,423
739,Grata Buckney,365
740,Liam Stedall,257
741,Bryant Piens,731
742,Katrinka Gillmor,598
743,Maryanne Wilsher,336
744,Diego Yakobowitz,82
745,Wilden Raatz,226
746,Lorens Dumingo,432
747,Alfie Insall,259
748,Kimberli Wethers,485
749,Teresa MacKimm,853
750,Kip Rimbault,285
751,Miquela Beach,969
752,Susi Bernette,490
753,Kala Boggish,769
754,Loraine Wasielewski,262
755,Hannie Levesley,371
756,Brooke Totton,630
757,Blake Mitten,745
758,Aluino Scemp,91
759,Grete Seczyk,884
760,Missie Benneyworth,689
761,Derrik Piddock,87
762,Gradey Trime,655
763,Roobbie Coppledike,590
764,Darrell Linster,728
765,Angel Olivetti,511
766,Lorelei Orry,611
767,Neilla Hadrill,328
768,Saba Ankers,190
769,Fionnula Brandreth,248
770,Archibald Cordeix,735
771,Curran Exley,795
772,Emelina Cresswell,508
773,Hart Matten,85
774,Petronia Earingey,881
775,Douglas Behnecken,317
776,Willis Scogin,619
777,Mickie Judkins,402
778,Alikee Shimmin,290
779,Zelig Nelson,656
780,Fowler Grogor,491
781,Benny Beinke,891
782,Joelle Bacup,705
783,Merilee Pursey,196
784,Piper Fratson,87
785,Zoe Extill,877
786,Noland Iban,196
787,Alys Yo,199
788,Antoinette Joynson,177
789,Bartel Yurkiewicz,52
790,Genni Towson,184
791,Sheff Fowells,140
792,Michaeline Foxall,18
793,Nerita Bitten,774
794,Drusie Ilden,440
795,Lurline Aitchinson,864
796,Ashlee Simioni,809
797,Ainslie Downage,26
798,Anthea Oakhill,116
799,Natalina Bruntjen,334
800,Jere Dobkin,582
801,Fabien Cowerd,578
802,Clemens Moakson,312
803,Davidson Galsworthy,773
804,Corinne Dunstan,619
805,Ignacio Beech,96
806,Raleigh Eyeington,187
807,Rianon Trembath,433
808,Barnebas Balden,514
809,Timotheus Schuelcke,731
810,Bradford Spyby,822
811,Susan Armatage,323
812,Henrie Swinglehurst,52
813,Samuele Stebbings,104
814,Roy Ponting,764
815,Robbert Fawlo,822
816,Gill Reader,868
817,Ethelin Falloon,626
818,Worthy Ashbrook,674
819,Rickie Huggen,614
820,Estele Sparry,300
821,Morie Ast,153
822,Rosamond Haukey,539
823,Thadeus Summersett,275
824,Tanner Pickerill,516
825,Catie Cliffe,958
826,Casey Ainscow,992
827,Isidore Harfleet,538
828,Tressa Caush,520
829,Glynnis Boor,248
830,Lenore Royse,250
831,Mallissa Carlill,590
832,Barri Bolger,505
833,Tedi Craker,491
834,Iorgos Mildner,146
835,Charmine Kirtland,104
836,Selena Minchi,130
837,Deeyn Cowpe,166
838,Stu Tinmouth,746
839,Phillis Lambert,630
840,Carmelita Mitchenson,977
841,Marnie Mabbutt,302
842,Thor McClaughlin,266
843,Oona Limeburn,567
844,Sibilla Grishankov,479
845,Tracy Nuscha,440
846,Fergus Rudgley,883
847,Ulrikaumeko Posselt,457
848,Tyne Trustie,914
849,Merry Milella,972
850,Ninnette Simionescu,614
851,Aurelia Schimoni,701
852,Bjorn Maudlin,60
853,Gretna McElree,828
854,August Hassewell,714
855,Blinnie Kilmurry,653
856,Axel Badam,763
857,Harbert Wallbridge,23
858,Isidro Grayland,295
859,Colly Penwarden,367
860,Beauregard DelaField,942
861,Aubine Kilcoyne,515
862,Kenyon Ropert,750
863,Kandace Burdass,525
864,Pamela Hansom,754
865,Robin Alekseicik,871
866,Nerty Leeds,818
867,Drucill Grand,970
868,Alfons Ofer,308
869,Chris Dreher,805
870,Gaven Hawkins,441
871,Britt Jakubovitch,54
872,Roland McVitie,153
873,Ines Nealand,2
874,Gypsy Kloster,767
875,Gusty Waith,159
876,Ringo Twigley,617
877,Stacee Postles,944
878,Kele Girardet,439
879,Odessa Laslett,418
880,Liz Crop,775
881,Patricio Pawels,488
882,Dael Lafond,519
883,Glennie Michell,179
884,Homerus Vynoll,175
885,Maureen Kellaway,967
886,Aylmar Benitez,293
887,Rozele Dederick,562
888,Paxon Colleer,337
889,Benny Lempke,180
890,Brook Mulderrig,380
891,Verena Housin,35
892,Bianca Witz,395
893,Eduino Spoors,156
894,Kimberley McCurtin,998
895,Cecilius Caselli,759
896,Coralyn Rustadge,252
897,Eddy Mealham,913
898,Ophelia Evelyn,351
899,Anjela McCobb,977
900,Nels Tattersall,400
901,Ringo Mustarde,921
902,Cathy Josephoff,443
903,Luciano Melmoth,876
904,Brigid Fleis,812
905,Jens MacLaig,86
906,Roselle Larwood,692
907,Tony Shank,476
908,Nikki Costi,662
909,Veronike Elford,856
910,Cirilo Turney,895
911,Shelley Souley,933
912,Adel Hacun,747
913,Web Niblo,871
914,Gladi Aluard,630
915,Jacynth Klimaszewski,778
916,Gunther McPaike,590
917,Marlene Raymont,784
918,Ira Spere,304
919,Dory Twine,645
920,Dasya Beckers,352
921,Francois Middle,852
922,Kyla Lomasny,41
923,Cesar Pickrell,903
924,Carol Du Pre,357
925,Maxwell Durnill,182
926,Marcela Juniper,630
927,Guillema Parrett,660
928,Berrie Stiebler,535
929,Celene Clemmett,576
930,Adah Berzins,450
931,Dominga Darcey,588
932,Suzann Simkiss,850
933,Arden Matteucci,353
934,Sallie Osler,966
935,Dusty Veltmann,565
936,Wit Kohlert,341
937,Magdalene De La Haye,993
938,Brice Dionis,182
939,Leontyne Newlyn,125
940,Neile Maharg,248
941,Ermina Charlet,827
942,Temp Treat,830
943,Mikael Feighney,927
944,Wallas Halse,321
945,Booth Hughson,247
946,Marcille Smaile,540
947,Oralia Larroway,85
948,Hunter Arkle,52
949,Andrea Newell,712
950,Tobiah Wort,114
951,Zorana Choppen,631
952,Donella Strelitz,873
953,Katharyn Wanden,545
954,Brianna Greensitt,123
955,Nikita Sweatman,77
956,Rochella Yelyashev,748
957,Hervey Ossenna,196
958,Sargent Gillis,353
959,Amandy Faustian,653
960,Krystle Ledgard,189
961,Alfie Woloschin,857
962,Willard Mougenel,35
963,Witty Pyser,123
964,Samuel Lamanby,247
965,Claudetta Corthes,872
966,Bendix Zanitti,819
967,Roanna Wadge,517
968,Broderic Becks,570
969,Gertruda Lattie,713
970,Gerhardt Scoyne,888
971,Aretha Brigge,952
972,Alyosha Reburn,286
973,Lacey Cains,680
974,Carey Bloxsome,774
975,Lorraine MacTimpany,89
976,Haroun Dulson,10
977,Nedda Trent,232
978,Sean Berfoot,831
979,Ariel Pierrepoint,449
980,Gigi Cowderay,621
981,Benedikta Rist,171
982,Marice Felgate,468
983,Leonanie Bold,115
984,Jorge Cawthorne,463
985,Corny Pach,445
986,Priscilla Mulligan,547
987,Zach Carmody,556
988,Pandora Schuricht,198
989,Lowrance Lamburne,334
990,Royal Kenwin,717
991,Tamas Vasyatkin,644
992,Dallis Pavy,477
993,Brion Pargetter,831
994,Lurleen Tatam,161
995,Reece Terzi,653
996,Martina Ajam,814
997,Fleurette Braven,367
998,Ali Jeannot,370
999,Jeremiah Bearns,83
1000,Ainslie Halesworth,554
